1.19148936170213,1.19148936170213,64388.1276595745,58036.3191489362,0.0470801267541874,5.99664593187817,7.14493983372721,4.20910662912801,0.148936170212766,0.846309836627503,27708.6740606609,1.19148936170213,3.96200869226155,17753.8936170213,0.202668363897987,1.19148936170213,4.10948681578494,19726.1903335485,7682226.08700392,1526890343.36855,248.149685011707,8.84149438149209,72.376494251114,15.5210917825858,38.7029546760139,45.7099919514052,28.3226821637261,109.23185769073,149.377094880642,54.2919191342034,31.8403802636754,11.2388888888889,31.8403802636756,54.2919191342033,149.377094880642,916.545043005885,4.73832229451166
1.07692307692308,1.07692307692308,54455.0192307692,48018.4230769231,0.0251479289940828,6.66521160334706,7.17792018821996,4.14854751530924,0.0769230769230769,0.822332499398726,28624.3920118343,1.07692307692308,3.87709337780127,17438.7115384615,0.10458124083867,1.07692307692308,3.98859047364156,12240.4230769231,8307427.37277398,1774142188.96745,210.416223190281,49.6476186876516,108.770154350097,13.5474537143183,85.4254890549845,70.8547408138114,66.3404323204101,58.9632488849859,114.706941053631,62.3120412660206,24.4021204825686,52.8031746031746,24.4021204825687,62.3120412660206,114.706941053631,1159.62130177515,4.59344889012371
0.949152542372881,0.949152542372881,38075.0677966102,37026.9491525424,0.0195346164895145,6.40562603774704,6.07991623921752,3.74385384592129,0.0508474576271187,0.601007750579174,39250.4754380925,0.949152542372881,3.51464798935166,29354.1186440678,0.0545707144511577,0.94915254237288,3.51347474411366,9115.77613582693,6925061.75751926,1532245569.84589,288.334508596517,44.4764626740988,59.551621422272,11.2003621479353,47.1654083053969,54.4468271784124,57.5273383266453,75.123961162976,40.050164949835,40.5730643865333,31.7865512202,48.0928571428572,31.7865512202,40.5730643865334,40.0501649498351,1181.2668773341,5.13239452667617
1.36585365853659,1.36585365853659,73242.6585365854,70866.756097561,0.0642474717430101,6.66682410064065,9.10590608867987,4.59195705131244,0.170731707317073,0.917478216274641,20402.9208804283,1.36585365853659,3.9729736089187,10290,0.25995350457346,1.36585365853659,4.36356040608687,52712.237634393,6401817.76272375,1129758292.88622,403.034313109076,54.8726077115212,138.311446492928,61.4279303330335,47.5572552867485,54.8718361527821,68.2063496165013,73.1153602383098,106.95249473549,71.4039300633591,75.0502288726247,115.625,75.0502288726247,71.4039300633589,106.95249473549,1716.49732302201,4.67462517131025
0.767123287671233,0.767123287671233,21464.2465753425,33801.0136986301,0.0105085381872772,5.3940436209324,4.13789647633172,3.29131135211383,0.0136986301369863,0.447764830735466,37129.0013135673,0.767123287671233,2.95414011339373,30780.4657534247,0.0174764926948879,0.767123287671234,3.09424023218283,9660.56887488208,7903720.40614965,2012198667.50676,248.131377074411,30.314271057845,85.6102678801409,41.6096242873369,32.4686184017461,64.5903523067578,71.7107347452705,39.3468161919672,81.359615494977,30.4678331871566,44.2261881603945,51.55,44.2261881603944,30.4678331871563,81.3596154949772,1371.08688309251,5.18761551899519
1.16666666666667,1.16666666666667,63015.3958333333,54066.625,0.0251736111111111,7.07721498347376,8.25675081405268,4.48752004686921,0.0416666666666667,0.848543719821039,27046.4305555556,1.16666666666667,4.09026331807572,16884.4791666667,0.0663143350131029,1.16666666666667,4.06846131208553,16809.3850549769,7732334.92608114,1549687423.04908,198.052549304514,35.3341842682722,92.9839346604704,18.6210041563925,64.3194206162928,43.5651240849046,48.0196999584252,47.1992539514149,100.76256826764,67.0575754980001,9.63680638138737,22.6031746031746,9.63680638138728,67.0575754980001,100.76256826764,887.739149305556,4.67004276789685
1.14285714285714,1.14285714285714,65272.4693877551,52753.5102040816,0.0824656393169513,4.24664878808982,4.85331290067406,3.71540063894888,0.244897959183673,0.842799392724458,29087.4256559767,1.14285714285714,3.60223375232685,18007.4081632653,0.275268960910797,1.14285714285714,3.65881719563786,14897.6885226394,8349366.07376534,1728754860.31662,272.012205332203,43.2923096883241,122.35901854891,31.5968240512152,58.5629888563816,35.8536639138788,75.4559038902362,107.197602383589,130.036142742139,22.5531894407199,64.1412405059215,40.6611111111111,64.1412405059216,22.5531894407198,130.036142742139,1153.7892544773,4.8717226562787
1.14285714285714,1.14285714285714,57736.4081632653,53802.306122449,0.0249895876718034,6.9872916470169,7.98547616801942,4.39121118310113,0.0408163265306122,0.830192117850631,29094.7842565598,1.14285714285714,4.10455008756291,17927.7755102041,0.0238890240512645,1.14285714285714,4.11522862110913,15465.9037900875,7672665.17086356,1553717011.0725,187.904556984574,28.3026752278248,91.1449454435199,21.4651736046685,54.8435581158405,49.4556115507371,54.370607057662,46.8755244129563,97.4354388375369,65.4274148850165,10.0344728809266,0.910317460317465,10.0344728809265,65.4274148850165,97.4354388375369,810.530612244898,4.66223974856006
0.811594202898551,0.811594202898551,25121.6811594203,32159.1449275362,0.0147027935307708,5.5348879760495,4.49208299505465,3.33592018046155,0.0579710144927536,0.714982760318838,20432.2501575299,0.81159420289855,3.01938522822492,16235.9855072464,0.0939945738247291,0.81159420289855,3.1600237865994,25074.8006690837,9885155.65399336,2784998565.32309,213.384994569175,48.2375636765331,106.507817412608,15.2043734063266,63.3528853358151,33.8484843379332,46.4707203823958,38.6546396325647,110.334103652353,92.4088034590063,42.6728331652091,33.6111111111111,42.672833165209,92.4088034590063,110.334103652353,1088.25330812854,4.99735003864359
0.888888888888889,0.888888888888889,32408.1428571429,35883.8888888889,0.0161249685059209,5.77886076296871,5.13676512263886,3.60846688017146,0.0476190476190476,0.772336702922788,21103.3791887125,0.888888888888888,3.45443417338036,15095.8412698413,0.064907422156785,0.888888888888888,3.52044819057654,25223.4941351026,9556832.12366692,2499804365.20895,263.731376420401,34.2581027258192,81.8463243947573,58.7337442706438,32.7910522086227,54.6152812921188,49.3980619986917,35.8120453561728,91.8115746104537,74.7386503384785,33.2502364300979,27.6555555555556,33.2502364300978,74.7386503384784,91.8115746104537,1078.85613504661,5.09617237797792
1.03703703703704,1.03703703703704,36398.5740740741,48943.4259259259,0.0315500685871056,6.26083153402456,6.49271418343291,3.8606234575717,0.111111111111111,0.793579396013977,27573.7640603566,1.03703703703704,3.72257308813903,17583.5555555556,0.128930438087763,1.03703703703704,3.74824520593754,19421.0280953107,7453404.59051969,1646248178.03952,324.967933915613,73.2257648550841,103.448977988786,102.208228359778,13.0837592291057,41.4097445590338,14.9133625234802,77.2628971614302,79.4212157337775,54.2401258320518,48.3736488225474,20.1833333333333,48.373648822547,54.240125832052,79.4212157337776,1485.00171467764,5.30554189398784
0.982456140350877,0.982456140350877,42600.4561403509,47816.8421052632,0.0203139427516159,5.97102541537868,5.86627058352997,3.86565693702616,0.0526315789473684,0.840743928770722,23095.6989843029,0.982456140350879,3.67705067710741,13772.350877193,0.0665731916725263,0.982456140350878,3.71973121480301,15786.7854400544,9893190.93839389,2349507384.19572,322.511193647599,67.244259404642,61.9977455856026,7.4178884761396,30.3063807211728,41.2627295173527,38.0867497287867,68.3375369641993,116.947717250405,49.9233773386678,63.5281890993008,59.0583333333333,63.5281890993008,49.9233773386674,116.947717250405,1181.378270237,5.04132131607261
1.05660377358491,1.05660377358491,37417.8679245283,50367.1698113208,0.0370238519045924,5.95513084924062,6.2922137274996,3.87583281602882,0.132075471698113,0.789943516756837,28746.3036667853,1.05660377358491,3.76664885353275,18395.3773584906,0.187141931439913,1.05660377358491,3.82351982126957,19419.5631091438,7240318.75522786,1570883078.53504,305.62330309147,62.9139502265105,96.6631985915289,78.5168347129032,28.8623298312747,60.2946699321109,7.20381822586292,78.1981741759001,66.9650193446734,35.624841211444,48.1761671648401,5.6,48.1761671648399,35.624841211444,66.9650193446734,1334.69775720897,5.02755411943723
1.16666666666667,1.16666666666667,63852.6041666667,54190.5833333333,0.0303819444444444,6.15007435381283,7.17508674611492,4.33221338125746,0.0625,0.844068279398644,29684.7083333333,1.16666666666667,4.11914445059905,17597.9791666667,0.096304558356535,1.16666666666667,4.21668885116414,16585.1020688658,7785936.6465622,1562204041.61166,254.27235920275,45.8612028031823,110.138388900077,37.3162200360348,65.8666125543059,46.3812731606193,70.2809938582638,85.6083637528741,142.499735911825,53.8779801413533,54.7550681423375,67.0166666666667,54.7550681423376,53.8779801413531,142.499735911825,1075.94748263889,4.93664133986415
1.03703703703704,1.03703703703704,46199.7222222222,41718.8518518519,0.0336076817558299,6.473590971967,6.7133536005584,3.88447658452245,0.12962962962963,0.902098912157379,14467.9197530864,1.03703703703704,3.54158638449308,7932.27777777778,0.169053537599641,1.03703703703704,3.78178811332838,30869.2041355484,8728566.82167459,2015684088.42108,282.978267317307,26.5994721658773,131.96946392873,50.4459864958545,25.4615442973789,19.9246049291389,34.1263762388843,119.646293919945,142.278392184578,51.3372160174581,39.309626450846,25.615873015873,39.3096264508461,51.3372160174579,142.278392184578,963.352537722908,5.0444332750366
1.07692307692308,1.07692307692308,47512.75,51494.1730769231,0.0207100591715976,6.85696046201788,7.38441895909618,4.25518554308769,0.0192307692307692,0.776111524448741,31522.5591715976,1.07692307692308,3.85529293891849,21325.8846153846,0.03699833012711,1.07692307692308,3.88848702420139,12845.9569868002,7701565.49896978,1632161460.35023,192.711250838069,35.2699307598489,68.3636930433583,34.3757828193693,60.1468590688133,21.5316304796248,30.5289559312608,57.9815583708397,117.375654896415,65.8312555433791,6.78157593100698,8.83333333333334,6.78157593100703,65.8312555433791,117.375654896415,879.863905325444,4.78679019392195
1.14285714285714,1.14285714285714,60440.2857142857,55961.6326530612,0.034152436484798,5.68049151212229,6.49199029956835,4.19869110303398,0.102040816326531,0.838843522598373,27430.4373177842,1.14285714285714,3.87621171216009,17735.0612244898,0.188962121925607,1.14285714285714,4.01826223955472,16039.654786696,8229276.25258091,1703513837.50811,254.212261250636,30.7314571086834,108.061898984228,9.37492071017121,43.8892108675357,20.0141202988756,36.6040888337125,86.5686328062365,138.001577439092,63.4746889561615,28.1880420137711,48.4904761904762,28.1880420137712,63.4746889561615,138.001577439092,830.38400666389,4.88258120694622
1.05660377358491,1.05660377358491,46409.8867924528,50639.5660377359,0.0206479174083303,6.87681118684028,7.26606465024641,4.16886892071319,0.0377358490566038,0.774995941355854,30877.5824136703,1.05660377358491,3.87127484305124,21039.9433962264,0.0655618145936586,1.05660377358491,3.72074714318089,12237.2420924656,7988546.5527036,1726213806.97291,194.758704806267,39.2560715138995,90.4082232132508,26.1274919066744,82.7913602684574,32.199572978535,47.063924073954,31.8809634944323,107.395066914851,83.4416114175791,21.2599559961004,21.25,21.2599559961003,83.4416114175792,107.395066914851,1071.8056247775,4.70138513001135
1.19148936170213,1.19148936170213,68148.3829787234,56186.170212766,0.0878225441376188,4.48184483862654,5.34007044602312,3.8828414687724,0.25531914893617,0.848656003479449,28928.7324581258,1.19148936170213,3.82385021936304,18094.3829787234,0.27772649788757,1.19148936170213,3.85334584406772,19302.126079963,7837463.54897137,1564826164.8103,229.160597945125,35.5508477360291,97.8446392947052,17.242880978666,35.1738696911921,64.1656623298022,62.9134582438052,88.8575029658908,143.518434375984,41.0336447689876,56.072377939056,36.0666666666667,56.0723779390561,41.0336447689873,143.518434375984,880.727931190584,4.85204522985561
1.19148936170213,1.19148936170213,63457.9574468085,57505.5744680851,0.0552286102308737,6.12859103051286,7.30215101507916,4.10434697391661,0.170212765957447,0.842908664532631,28422.1901312811,1.19148936170213,3.8494426510853,17934.3404255319,0.239657921208628,1.19148936170213,4.01586009980257,19904.004796625,7541793.23554036,1492712456.27173,232.96812762157,11.44390950499,85.7720306156753,14.4200552643587,20.0656072057768,53.0398874479746,55.8365798694718,90.7012956404933,144.059579790779,68.0207209492187,33.0698943212526,54.1722222222222,33.0698943212527,68.0207209492185,144.059579790779,849.876867360797,4.99576624010713
1.07692307692308,1.07692307692308,64905.0384615385,40901.75,0.0332840236686391,5.86631437411185,6.3175693259666,3.99512505197984,0.115384615384615,0.819379003899697,29464.2855029586,1.07692307692308,3.58817667588089,20429.6346153846,0.189839882551449,1.07692307692308,3.79844603906439,12995.6888939463,8599802.16509359,1870400377.82042,223.270711149812,66.4115232320063,61.161550144574,98.1928898195339,57.4056843170936,59.1549871101328,15.8628686882493,49.7347324423395,20.2706357276152,96.6136183396075,87.3202007489338,56.5833333333333,87.3202007489337,96.6136183396077,20.2706357276152,937.023668639053,4.71036387741158
1.27272727272727,1.27272727272727,62349.6590909091,61304.6590909091,0.111570247933884,6.37869139958099,8.11833450855754,3.99540202568598,0.295454545454545,0.964569268261703,9647.71074380165,1.27272727272727,3.55013904555297,3078.63636363636,0.342960445519612,1.27272727272727,3.88898995234224,50594.3636363637,7078019.12612022,1357423710.10174,220.735012352411,24.7491101256168,99.169513967331,64.7721670353015,44.84654057729,92.4647985970434,40.9555710300373,66.8234190739644,95.103063050168,64.9254974679399,40.0297651397588,37.9428571428571,40.0297651397585,64.92549746794,95.103063050168,876.237086776859,4.56148218239269
0.835820895522388,0.835820895522388,26826.9253731343,37049.6567164179,0.0182668745823123,5.27124811492376,4.4058193199363,3.32815130501217,0.0597014925373134,0.553124084303616,36561.0111383382,0.835820895522388,3.20023432432657,28541.447761194,0.0618350442330822,0.835820895522389,3.22873495872783,10407.8196154447,8166449.96889579,2033571132.29325,288.134864050834,55.367610710563,141.237736167048,41.0250330083149,68.4817426833558,51.9026867212951,36.6331078037261,58.220767581489,63.5381923130274,41.8561679482806,23.3159412584009,16.6,23.3159412584009,41.8561679482805,63.5381923130274,1523.70906660726,4.87205933336365
0.982456140350877,0.982456140350877,42276.1578947368,45888.5964912281,0.0209295167743921,6.09192662235163,5.98505071669642,3.87483672902203,0.0701754385964912,0.831417973243459,25266.6300400123,0.982456140350879,3.69541026109915,14182.1929824561,0.0853343133354285,0.982456140350878,3.72891100679888,15394.2336211412,9446265.05973748,2207628399.46367,345.047812068175,36.8191987382358,106.164194527443,68.4992346068432,47.0749911341206,47.4822304153398,82.1223970966103,136.148063305077,149.144257283381,47.1309984479976,49.8960218373769,24.0119047619048,49.896021837377,47.1309984479971,149.144257283381,1384.43582640813,5.1107626493246
1.36585365853659,1.36585365853659,82165.2195121951,70288.6341463415,0.082093991671624,5.5428752049279,7.57075637746249,4.4418680231993,0.219512195121951,0.932006699578695,18862.5639500297,1.36585365853659,3.93959826024097,9096.09756097561,0.297613234970015,1.36585365853659,4.28109549315031,47503.950377969,6868204.07040784,1217329551.93264,100.331593810289,33.6272148541274,45.6894871987632,40.8024353999599,89.7698733802966,82.2640893782613,14.3404319891133,50.5656507014811,45.6738648720858,88.1553181181507,60.4018940609532,10.6388888888889,60.4018940609531,88.1553181181509,45.6738648720859,853.175490779298,3.33173126939217
1.19148936170213,1.19148936170213,66549.8085106383,57141.1489361702,0.0606609325486645,5.80774022899937,6.91986069838223,4.09654058795177,0.191489361702128,0.848774812150594,28005.9895880489,1.19148936170213,3.76095577697127,17799.8510638298,0.230640893467209,1.19148936170213,3.8494426510853,19310.7588010364,7782749.45565911,1548207225.14764,203.074263768489,32.5551315720855,87.1038628172095,13.0202331305355,48.3254479878916,31.3472615932847,33.2618138268671,77.6901661763502,136.178286005601,65.8934682203328,27.9298673917682,23.4484126984127,27.9298673917682,65.8934682203326,136.178286005601,965.008601177003,4.44875547619516
1.36585365853659,1.36585365853659,68319.1707317073,67467.6097560976,0.197501487209994,6.2579088755905,8.54738773251381,3.82982488205478,0.414634146341463,0.963608454382827,11056.6020226056,1.36585365853659,3.54656627150054,3409.60975609756,0.478161438302153,1.36585365853659,3.78325067461857,66031.0605185647,6293652.48711816,1126443166.61239,213.075110145531,35.2727168733264,80.1883789181411,55.3039014832985,34.4541029182417,65.5280572058955,28.4190859830836,74.3421685667755,82.3842734527108,45.6566628639817,28.3893823841886,18.1095238095238,28.3893823841883,45.6566628639818,82.3842734527108,826.635336109459,4.3018395004977
0.903225806451612,0.903225806451612,45156.1774193548,25281.1774193548,0.0156087408949011,5.8535806967972,5.28710514549427,3.68301511032718,0.032258064516129,0.744485476956507,31457.9427679501,0.903225806451612,3.54041810531938,19569.3870967742,0.0702827695859187,0.903225806451612,3.61593635091815,14963.5994427847,8379786.45583602,1990516972.20998,260.847431978588,55.6903976330717,103.845522977563,47.0396621259673,44.7848999031827,28.2590632221774,24.5838302555743,17.1059157196482,10.7747278919056,32.6727331469065,49.673045976974,41.7071428571429,49.6730459769742,32.6727331469065,10.7747278919057,1395.18340270552,4.55065517587707
1.21739130434783,1.21739130434783,64094.7826086956,58673.2173913043,0.0349716446124764,6.46683165118563,7.87266461883464,4.46875878028055,0.0869565217391304,0.843470653125428,28318.6049149338,1.21739130434783,4.11849173267894,18080.9565217391,0.139444492510296,1.21739130434783,4.25780094271883,23521.4353579354,7182538.61505564,1391825823.13906,215.203775731757,10.7268761665638,59.1502081081566,22.3241530330262,36.6424286009245,38.1100761116342,52.1756600280363,94.2783174540958,142.046679136125,60.9111505679352,34.8920106265265,55.2555555555556,34.8920106265266,60.9111505679351,142.046679136125,846.531190926276,4.40378423482064
1.07692307692308,1.07692307692308,52356.7884615385,53936.2115384615,0.0325443786982248,5.84880439680539,6.29871242732888,3.95707189863511,0.0961538461538462,0.876661528745258,19197.5029585799,1.07692307692308,3.51504048521904,12168.7307692308,0.192212300127366,1.07692307692308,3.80717732127059,18481.4098771052,9279640.82424766,2057272508.50472,271.973585379769,20.1323994951578,144.952957978278,101.548638835696,36.1545422050144,69.423613320107,110.095030596977,82.1760989252221,30.5853002377203,30.3256656438109,39.8473345746576,41.6222222222222,39.8473345746576,30.3256656438108,30.5853002377202,1196.6775147929,4.77661086660497
1.36585365853659,1.36585365853659,71573.7804878049,69072.4146341463,0.0428316478286734,7.05581840633619,9.63721538426404,4.86932364801761,0.0975609756097561,0.860798399641543,31130.3343248067,1.36585365853659,4.38319269193363,18005.1707317073,0.169799048209963,1.36585365853659,4.47186671485059,45746.8391926989,5897436.09481051,1020753109.53687,213.665443263789,54.3870714711256,161.329514872844,92.7872058056739,47.2009720085245,27.7366671408378,13.9131263723289,76.3469607670621,94.9296967485429,40.3689998720831,53.0976678133163,58.0357142857143,53.0976678133163,40.3689998720828,94.929696748543,1241.24449732302,4.43922311159102
1.14285714285714,1.14285714285714,48607.5102040816,38786.0612244898,0.0291545189504373,6.92536960547981,7.91470812054844,4.30633601813461,0.0816326530612245,0.817357895445542,25541.250728863,1.14285714285714,3.89441681938647,15535.612244898,0.136015671654481,1.14285714285714,4.16487740985707,31072.1545189504,5789035.88961355,1155991292.90178,297.337440118797,59.3981935394605,79.0078443238867,20.3093027398229,41.8513153819188,43.7125998870908,33.6852651329714,112.103701990612,136.361504757527,52.9475751603403,107.388310534935,137.116666666667,107.388310534935,52.9475751603404,136.361504757527,1175.55102040816,4.73268369725203
1.05660377358491,1.05660377358491,52231.2075471698,48941.5471698113,0.0334638661445354,5.70166016135968,6.02439564219141,3.90384262483823,0.113207547169811,0.830980212567712,25722.0455678177,1.05660377358491,3.69459064580127,16252.5660377359,0.131515023984222,1.05660377358491,3.69969586475502,16285.783230452,8902898.97710471,1971706107.0384,242.688328941613,13.6342072084504,96.6376585340445,31.1514168474715,29.8699349047862,48.8255125832012,86.6675077493455,94.739069697567,125.632895019904,59.2463104959059,39.9902074234021,73.1777777777778,39.9902074234022,59.2463104959058,125.632895019904,1119.09576361695,4.77453695870281
1.24444444444444,1.24444444444444,69701.8222222222,59382.0444444445,0.0375308641975309,6.10009677978074,7.59123154817161,4.46747218334777,0.0666666666666667,0.849674750597993,29223.1506172839,1.24444444444444,4.07453821399293,18436.6666666667,0.129428183337106,1.24444444444444,4.25182639384023,25502.4850919068,7128605.08139147,1357486673.93083,218.255600276302,23.4261852408403,84.2046638059372,13.5144598486213,34.2925402180624,57.9709128452459,53.0420622764455,105.898741270979,151.627633288469,51.8532446810297,59.0461691917317,57.625,59.0461691917318,51.8532446810294,151.627633288469,1060.19061728395,4.29065869662323
0.861538461538461,0.861538461538461,24701,33808.2461538461,0.0170414201183432,5.76934568609794,4.97051320648436,3.46842955303748,0.0615384615384615,0.731733878963002,23304.0996449704,0.861538461538461,3.3537415538165,15767.3384615385,0.0790790805814769,0.861538461538461,3.41772437048357,22379.3220974056,8196845.15801059,2096213820.68174,270.659478085692,24.0290366703372,92.5510451820835,38.0667950758358,17.2924294060574,28.1506990955446,27.6333763345904,69.7901003693782,110.525839006873,65.8047613462081,20.1407266341345,6.98611111111111,20.1407266341345,65.8047613462079,110.525839006873,1344.61869822485,4.60524267046433
0.835820895522388,0.835820895522388,25334.9104477612,33923.4328358209,0.012920472265538,5.50405342566662,4.60040286324377,3.49367898992201,0.0298507462686567,0.691729388200262,21906.629316106,0.835820895522388,3.06046921306913,18276.4328358209,0.0630730214665973,0.835820895522388,3.32815130501217,24347.7686650286,9227108.30069215,2536300336.43992,157.705340910365,57.8514519656897,79.6602413481384,31.0329126587224,39.852354961422,62.5918004498999,72.7739546279943,31.442772111948,112.161781799456,72.3158188991722,41.0645919791888,68.6261904761905,41.0645919791886,72.3158188991722,112.161781799456,1008.40365337492,4.43744119347652
0.933333333333334,0.933333333333333,36283.4166666667,37960.2333333333,0.0166666666666667,6.28492786103703,5.86593267030127,3.77517844603663,0.0333333333333333,0.800586311547102,22056.1166666667,0.933333333333334,3.58161839549124,14214.9166666667,0.0361516691897555,0.933333333333334,3.65093311354723,20764.3154814815,9042377.64778682,2228667537.78893,274.709746209031,14.7837888407919,93.2677113793173,17.4277914215257,30.6168407648864,63.7276235238689,71.8451693829762,87.5480238798154,165.92031390807,93.6294309275145,87.8275150938514,108.166666666667,87.8275150938514,93.6294309275143,165.92031390807,1358.08222222222,4.75921385949298
1.4,1.4,73499.775,72712.275,0.0675,6.68961270914782,9.36545779280698,4.65061016453485,0.175,0.92500597395218,18969.31,1.4,4.15237348379828,9276.1,0.256553269472087,1.4,4.36027008871676,62193.4465,6075649.91751093,1049685447.85036,303.161617002058,69.6785647104531,52.5860176470095,24.6375109222592,41.4573391004609,43.0246215039196,42.176459787637,65.9065521106292,79.6844622608838,47.0297820287207,147.304474270395,191.583333333333,147.304474270395,47.0297820287207,79.6844622608838,1539.1375,4.30869496581184
0.767123287671233,0.767123287671233,21550.5753424658,32912.0136986301,0.0116344529930569,5.20493648239047,3.99282798649134,3.23434035097192,0.0273972602739726,0.446452781574507,35773.9671608182,0.767123287671233,3.01111111453565,30324.1232876712,0.00203242100981143,0.767123287671234,3.03010144824962,10391.4444330196,7880656.8502272,2046712993.3681,210.987757795278,42.0337103043227,111.350992275831,31.7454944795806,49.6848720585235,39.5518849732637,16.8599424501396,17.9996536317843,35.6110327706208,33.4916800138639,20.129860216687,28.3555555555556,20.129860216687,33.4916800138638,35.611032770621,1207.87689998123,4.47122028085162
1.16666666666667,1.16666666666667,65533.0416666667,54206.7083333333,0.0416666666666667,5.90711229076592,6.89163100589357,4.16600571265062,0.125,0.842791422091438,28798.9166666667,1.16666666666667,3.9638377849873,18126.9166666667,0.150387651916365,1.16666666666667,3.98181791451554,17100.994212963,7952648.56256074,1609211103.76079,231.282554459869,32.1948392456302,108.383312789423,25.9316462604628,29.7414949917179,36.9224449954826,59.0891474847776,116.676905503093,129.299189040643,18.9004289590719,66.8712071815666,32.8166666666667,66.8712071815667,18.9004289590715,129.299189040643,1114.60373263889,4.81923567270998
0.903225806451612,0.903225806451612,38164.6451612903,41464.9193548387,0.0166493236212279,5.5844379752303,5.04400849375646,3.65221603766775,0.0483870967741936,0.822882998704915,21033.5697190427,0.903225806451612,3.28194782055649,13550.2741935484,0.122625755105883,0.903225806451612,3.48725944619028,19394.0733107314,11057541.5043026,2849356067.54528,260.238326358151,31.2471795953329,99.6161294127329,44.7709906629088,65.711610045581,36.0467203693027,69.6144046626551,64.6867790411303,128.490220006695,59.1028414384829,51.9902447523553,53.1222222222222,51.9902447523554,59.1028414384827,128.490220006695,1309.2528616025,4.79910773475777
1.21739130434783,1.21739130434783,66261.7608695652,58238.4565217391,0.0396975425330813,6.25647564855004,7.61657905040871,4.38423037856727,0.108695652173913,0.848010472535161,28400.4744801512,1.21739130434783,4.15052262171144,17890.0869565217,0.157252604578836,1.21739130434783,4.10162391348372,22143.5686693515,7298707.15433452,1412594109.11416,210.887264895731,16.5905696889181,79.9004029394872,13.3917988999902,29.1505176273413,64.5510672086664,49.0043180406082,89.6632976442669,131.957044985172,53.2151314911406,72.5243030240191,93.4166666666667,72.5243030240192,53.2151314911403,131.957044985172,798.922967863894,4.4956442885005
1.27272727272727,1.27272727272727,72668.2272727273,62356.5681818182,0.0785123966942149,5.49045500772645,6.98785182801544,4.19840648832097,0.227272727272727,0.884625659408474,26486.1466942149,1.27272727272727,3.93446096484998,14512.6590909091,0.271706821142199,1.27272727272727,4.10388641824461,28818.6985349361,7174273.46436958,1343839268.75965,260.236319380651,45.2011299996857,107.159187188269,59.4490911994828,87.9125065775738,59.4063221476563,81.9636384180732,66.2107325976015,157.936846524294,108.79145218708,28.9860141707883,75.8333333333333,28.986014170788,108.79145218708,157.936846524294,1062.15702479339,4.81705292054708
1.14285714285714,1.14285714285714,62774.387755102,53755.1224489796,0.0333194502290712,6.16581195001412,7.04664222858759,4.22698282468949,0.102040816326531,0.8426484067279,27914.8221574344,1.14285714285714,3.78124993276444,17530.4897959184,0.130742359229223,1.14285714285714,3.98997051789921,15046.9222347831,8210728.08154297,1690099213.08054,237.375324739094,50.7623436344954,131.633130412196,23.4190225652957,55.5502389283474,41.8666536678345,51.3681995429615,56.9625871269864,116.674894163223,56.1039213449057,45.9291487770351,67.0047619047619,45.9291487770352,56.1039213449056,116.674894163223,1102.908788005,4.67513636961334
1.14285714285714,1.14285714285714,51146.6734693878,60259.1428571429,0.0316534777176177,6.1164629705988,6.99024339497009,4.22146085316808,0.0816326530612245,0.791203810744566,33421.3206997084,1.14285714285714,3.96309147928537,22501.1224489796,0.115266243265795,1.14285714285714,3.90650803597436,15759.4194680788,7454132.79725864,1509185435.13539,202.868898323283,18.841005669922,75.7638498455997,13.7959583983134,44.0791257625971,33.7326338214216,31.4444260939633,77.1297114183107,124.422534337758,62.5958887903495,27.1455874291965,31.9460317460318,27.1455874291962,62.5958887903494,124.422534337758,1063.54768846314,4.35831141539531
1.12,1.12,50772.88,48924.26,0.0336,6.26966176716374,7.02202117922336,4.10420689385554,0.08,0.679465574843914,38474.4104,1.12,3.81142962797196,31044.94,0.143792297597741,1.12,3.93785157052116,17277.500672,6450994.5757538,1320207490.87616,179.133620358142,24.7143562277405,57.5424607615475,23.9043289896296,29.1995757450428,56.8319183597073,31.2845676191275,38.1557153138439,44.3996895454012,25.781960459539,10.5873087715158,15.5166666666667,10.5873087715156,25.781960459539,44.3996895454012,960.8336,4.35326968533129
1.14285714285714,1.14285714285714,61798.8163265306,52768.7755102041,0.0374843815077051,6.22621970265352,7.11567966017549,4.12075059263054,0.102040816326531,0.833970188476221,27971.8833819242,1.14285714285714,3.95241294573916,18231.6734693878,0.164221443732043,1.14285714285714,3.97929198435299,15098.097697388,7969691.34898158,1629957202.16283,232.4795295346,27.2275501583426,116.861928722975,35.4607204560665,23.895278117149,15.0019971165678,46.9434131376272,109.558305112268,127.462067935079,45.1016333570411,49.460258564172,38.5912698412698,49.460258564172,45.1016333570408,127.462067935079,1215.03456892961,4.510511546642
0.949152542372881,0.949152542372882,25063.0169491525,44658.1355932203,0.0195346164895145,5.91885076742304,5.61789225382527,3.75848174791036,0.0508474576271187,0.724907847737801,33463.4547543809,0.949152542372881,3.5940061457436,20623.2881355932,0.0538503052863603,0.949152542372881,3.64986778754028,14810.395892472,6929630.72858184,1545272971.06853,330.144832876633,171.345636381078,150.22498148671,84.8219507753348,71.7691572484539,45.006913049244,50.3344543152709,19.6431780637566,63.8374449814691,88.0233908549752,98.5228348677573,17,98.5228348677571,88.0233908549756,63.837444981469,1707.78914105142,4.88231168736791
1.12,1.12,57961.72,54344.84,0.0392,5.94096330406595,6.65387890055386,4.03462115513198,0.12,0.845400582901507,24577.0544,1.12,3.71099104195766,16372.72,0.185228960513318,1.12,3.79555313300569,17049.168128,8476193.40184881,1790852776.93328,221.4155525653,34.6038382253082,98.6914566337597,13.5424455442032,63.1489060497976,44.6389964115444,58.504204449095,56.1828566991146,133.200879397864,88.0072621484175,45.4251700104018,76.134126984127,45.4251700104018,88.0072621484174,133.200879397864,1047.6784,4.60385618544664
1.19148936170213,1.19148936170213,62102.3617021277,55258.1914893617,0.0344047080126754,6.60208491043163,7.86631393583345,4.35144491078307,0.0851063829787234,0.840177612165431,28506.0353100951,1.19148936170213,3.87746547857632,17761.4468085106,0.154211778059199,1.19148936170213,4.04535572450725,22402.4578754226,7246734.23833338,1424062862.27335,239.506958367083,25.7639263609876,70.4077871598624,33.9932836503525,24.0378402165248,69.2056918018868,67.3442743525352,102.538713556284,152.50550138174,41.3872241239713,61.2947800846536,57.3,61.2947800846538,41.3872241239712,152.50550138174,995.015844273427,4.63626417801487
1.16666666666667,1.16666666666667,61992.75,56155.6041666667,0.0286458333333333,6.20695913131188,7.24145231986384,4.38997564630412,0.0625,0.837328106838885,27974.75,1.16666666666667,4.06846131208553,18201.1875,0.110725359499597,1.16666666666667,4.15892658611748,17591.2808883102,7807732.9486759,1576021929.38275,211.163515195359,45.4358023403634,103.937670380783,23.5995233002702,71.006204652531,37.3966167513112,39.5211476715401,58.0533160120934,120.347538904043,72.419622717716,2.51127991184331,8.74999999999999,2.51127991184316,72.4196227177159,120.347538904043,993.317708333333,4.50081457936583
1.12,1.12,57631.34,51059.48,0.0248,6.57858034289861,7.36800998404642,4.29828810441233,0.04,0.821885994879742,29727.8744,1.12,4.04508611800727,18502.78,0.078097054407281,1.12,4.02782519366017,14597.203328,7901434.35903665,1635494383.62737,195.72765987347,53.2168231169583,105.132451725542,26.8454860909015,77.5397667023914,29.3152016773331,69.3856481167575,61.823363476965,114.835244575199,79.0506423650436,11.3298064362673,8.0888888888889,11.3298064362673,79.0506423650437,114.835244575199,994.6176,4.60437281613736
0.933333333333334,0.933333333333334,36846.9666666667,36036.6333333333,0.0183333333333333,6.0861721448998,5.68042733523985,3.72024783160323,0.05,0.578199084270103,38686.2688888889,0.933333333333334,3.41116325096451,30159.5333333333,0.0807246188640697,0.933333333333334,3.47175716662443,9435.13333333333,6920899.64315172,1552209923.91301,266.163853763367,49.4343714457494,61.7151866485768,33.2332365291749,50.627375883808,48.1691667194791,41.8922890990634,53.5857471340875,50.0863593206028,52.6829132483683,12.196031367442,30.3214285714286,12.1960313674419,52.6829132483684,50.0863593206029,1265.84972222222,4.98548704791867
1.36585365853659,1.36585365853659,72454.3414634146,70236.6585365854,0.048780487804878,6.76261251731165,9.23673904803537,4.77448690463198,0.121951219512195,0.912101484954753,21497.6745984533,1.36585365853659,4.23659993362617,10950.9024390244,0.204513473055274,1.36585365853659,4.55885240925432,52795.0127392232,6296060.23046088,1106891920.92061,358.779889515563,61.0483208328872,125.52234535696,71.9180788775983,32.8957668028499,50.1765805541899,51.0687934777303,66.050814298118,98.4244908517254,72.0655210835282,84.2475533079844,121.041666666667,84.2475533079845,72.065521083528,98.4244908517256,1732.67102914932,4.24512174553728
0.777777777777777,0.777777777777778,22879.0555555556,33806.3055555556,0.0142746913580247,5.2288715574983,4.06690010027637,3.19151725190361,0.0555555555555556,0.464308236674427,36184.549382716,0.777777777777777,3.01096312143356,30482.8611111111,0.0156959070030501,0.777777777777777,3.0036957861035,10273.7847222222,8048731.62910999,2062581638.24528,236.957156573035,46.4655597756801,107.077591930267,30.0575764364755,63.7918706478341,52.5344625278152,40.2412181400065,32.2758500093672,67.9775011635463,44.0344074410378,46.7606344417671,35.0111111111111,46.760634441767,44.0344074410377,67.9775011635465,1506.27469135802,4.47922815230303
1.16666666666667,1.16666666666667,64646.5,55635.8541666667,0.0364583333333333,6.131276669555,7.15315611448084,4.25120699628224,0.104166666666667,0.847397571940025,27270.9722222222,1.16666666666667,3.70572272841013,17487.1875,0.157092488715122,1.16666666666667,3.85250815355037,17086.0123697917,8036648.29087706,1629497961.82517,202.790528013088,41.1015348252752,99.8570608282817,21.5750749543183,74.2106666457341,43.4328154109603,51.0834275997498,52.4926462173844,110.050397616209,67.1618411211451,10.832683733367,31.1031746031746,10.832683733367,67.1618411211452,110.050397616209,1020.06770833333,4.02536658396707
1.19148936170213,1.19148936170213,67885.1489361702,56045.9361702128,0.0941602535083748,4.43617964427118,5.28566085274865,3.71700065977336,0.25531914893617,0.848698656484423,28775.2462652784,1.19148936170213,3.57675228249658,18022.2765957447,0.315617513997889,1.19148936170213,3.64687647113497,19498.4000558643,7809183.21583045,1559060585.74306,240.099904374335,59.752283381216,123.604185793121,42.9717938820855,59.8827585294797,38.5692387863119,88.3232123549591,100.652579381311,126.738082297389,44.1621481041774,46.0781814922842,60.0083333333333,46.0781814922843,44.1621481041773,126.738082297389,1134.40018107741,4.89247362353152
1.19148936170213,1.19148936170213,61309.9361702128,58077.8085106383,0.0353100950656405,6.50161209198456,7.74660164151352,4.34031197155403,0.0851063829787234,0.843056959415761,28484.0135808058,1.19148936170213,4.06371840998289,17590.170212766,0.138923579252961,1.19148936170213,4.21119653350629,19715.5864692794,7401874.4238347,1456526025.80539,190.074389245733,37.9848643148303,95.5220213251825,23.7269756817003,68.751653603633,49.0422075869348,61.2748643103606,50.6856180291805,102.954211628041,70.6434804704859,11.6395954987475,2.275,11.6395954987475,70.643480470486,102.954211628041,898.307831598008,4.52205001728613
0.861538461538462,0.861538461538462,26951.7846153846,34722.8153846154,0.0184615384615385,5.64265630813504,4.86136543470095,3.45126466447485,0.0769230769230769,0.709484268543256,21371.3247337278,0.861538461538461,3.1191378927039,17810.8153846154,0.134537178355362,0.861538461538461,3.33657666525386,24979.5280145653,8881102.64310875,2360569720.15756,183.642686690687,54.8798268031337,87.0967759227604,19.8536074062326,59.8503534847251,33.1046134802004,37.9231035814313,46.897161019988,116.67236019754,97.0180383388537,51.9667357005284,46.0785714285714,51.9667357005284,97.0180383388536,116.67236019754,1097.47597633136,4.76748117024353
0.918032786885246,0.918032786885246,33161.0163934426,38835.4262295082,0.0155872077398549,5.82131435632371,5.34415744187096,3.7511908529932,0.0327868852459016,0.750547014133881,24267.5224402042,0.918032786885247,3.59210789352043,17565.0655737705,0.0613498573588236,0.918032786885246,3.68301244179059,23562.1778695133,8922119.54361862,2234854711.77724,228.705597879455,30.0261448697329,77.4398300189172,65.0399449910933,37.9154671745086,45.3292798432878,51.6294231044163,36.6192268866748,78.9191143863775,80.6843201195294,41.657659902544,5.58333333333333,41.6576599025438,80.6843201195294,78.9191143863775,1071.03950550927,4.64676161226655
1.03703703703704,1.03703703703704,35723.8888888889,50112.6296296296,0.0397805212620027,5.92842149619312,6.14799266271884,3.7773145472578,0.148148148148148,0.805345765220509,26294.2633744856,1.03703703703704,3.58112549518463,16916.8148148148,0.189165476264635,1.03703703703704,3.60390227958653,20624.6108824874,7600148.46288895,1690088006.3121,312.684336653666,68.7394316571255,107.089839169117,100.208199845754,12.0729579382294,40.377633862406,19.4580783816424,84.6576156512517,86.191291286716,61.5478213340291,51.5235317161687,8.52142857142857,51.5235317161685,61.5478213340292,86.191291286716,1560.64780521262,4.916290968623
1,1,43405.5892857143,47851.4821428571,0.0248724489795918,6.16818709220373,6.16818709220366,3.85689662067639,0.0892857142857143,0.846451924393386,22461.5357142857,1,3.60000033933776,13326.2857142857,0.119075118102575,1,3.73312033843354,16394.631377551,9472078.08035714,2200865200.13839,335.476119543653,85.4215500927644,38.4595251647571,12.4722386166682,43.1058126004665,17.5506509059416,30.6791128032103,93.9238066644091,115.023616206467,75.7584779030956,71.9542486293642,40.4916666666667,71.9542486293642,75.7584779030953,115.023616206467,1148.49713010204,5.01438398877953
1.01818181818182,1.01818181818182,34950.7090909091,48258.7454545455,0.0337190082644628,5.97353496045341,6.08214468700716,3.78212179286166,0.127272727272727,0.781354809504164,27866.0965289256,1.01818181818182,3.56145177147097,18297.0909090909,0.150105413409831,1.01818181818182,3.69699213418668,19412.8067077385,7609771.97355014,1711740754.88019,293.628518258875,52.2805312857481,116.830531722312,99.0473737405389,24.9721077903992,68.7108675270987,18.7350788358409,60.5104662898264,67.0486863948719,36.6082031555201,35.8715571517923,7.62142857142857,35.8715571517922,36.6082031555201,67.0486863948718,1512.54743801653,4.90910209969747
1.21739130434783,1.21739130434783,66488.8478260869,56065.7391304348,0.0472589792060492,6.30782622373787,7.67909279411566,4.33470114780179,0.152173913043478,0.840391699143601,31039.2145557656,1.21739130434783,4.11236835059301,18694.7608695652,0.163046303972671,1.21739130434783,4.18401697811484,21733.2209254541,7086386.07477172,1361520268.57069,225.311764840285,51.9051442979756,105.66481119287,34.0078355650368,68.8163777791933,44.5391652918861,66.9764288603327,104.071733611781,149.344153329232,53.9011176619024,43.5655625299671,20.7380952380952,43.5655625299672,53.9011176619023,149.344153329232,988.476370510397,4.67223022422096
1.01818181818182,1.01818181818182,44856.7090909091,40192.6727272727,0.0350413223140496,6.50333803729178,6.62158054706072,3.7474028382274,0.127272727272727,0.902239953997558,13491.5358677686,1.01818181818182,3.42465283659086,7692.07272727273,0.162573373453597,1.01818181818182,3.65609503275985,32063.7379413974,8919259.03950085,2095757159.31917,248.173951773458,26.6348635262314,120.864028244196,48.9032172816251,20.2365848404295,11.6249497380503,31.462658417369,116.280317289034,134.845404258833,39.9986738548214,39.7601424625463,26.9992063492064,39.7601424625464,39.9986738548212,134.845404258833,1002.70545454545,5.05818811679238
1.14285714285714,1.14285714285714,63923.612244898,53135.693877551,0.0291545189504373,5.89351199855692,6.73544228406506,4.26736576293289,0.0612244897959184,0.847551864245371,28177.4810495627,1.14285714285714,3.94173441219294,17162.2857142857,0.11373204130702,1.14285714285714,4.10455008756292,14575.1896233712,8270838.90673828,1703225970.25172,209.831079360609,52.8979764581115,97.5432942684516,32.1721201401292,71.8256686559691,37.4258458641822,60.2697053012594,61.6878318206611,147.696521298324,85.1353165417637,19.2501685037146,39.3198412698413,19.2501685037147,85.1353165417637,147.696521298324,1073.24698042482,4.39912774178165
1.14285714285714,1.14285714285714,61367.9183673469,55332.387755102,0.0399833402748855,5.89169024609264,6.73336028124876,4.08693689945362,0.122448979591837,0.84396570919058,27301.7930029154,1.14285714285714,3.90650803597436,17240.1836734694,0.147850556148986,1.14285714285714,3.99138320094088,15424.9384780151,8261974.06365094,1706861626.87239,246.316742505293,30.8894667527958,103.64467937985,23.0839923665236,73.8205006336788,35.6619452798619,48.2489101003264,64.4988192737253,131.869199331355,75.421799629477,32.9374001685985,65.1206349206349,32.9374001685986,75.421799629477,131.869199331355,1120.17326114119,4.52320078953338
1.16666666666667,1.16666666666667,65817.2708333333,52839.8125,0.0329861111111111,6.27837518407165,7.32477104808358,4.30333224873413,0.0833333333333333,0.850044341400281,28294.0694444444,1.16666666666667,3.90463340600226,17250.9166666667,0.120493974696685,1.16666666666667,3.93915155112036,16601.6536458333,7869217.21234208,1585086341.25028,230.611233229038,27.3243991919004,73.8833999403793,62.9484191624911,106.877497541515,27.8211147770475,27.2817351777046,79.5234116400081,155.936135700907,95.5966046760119,20.9972517427901,0.411904761904751,20.9972517427902,95.596604676012,155.936135700907,1148.99826388889,4.19739251859874
1.21739130434783,1.21739130434783,69016.0652173913,56861.347826087,0.0472589792060492,5.47126823830043,6.66067437706139,4.23505102342472,0.130434782608696,0.839686228242597,30093.1143667297,1.21739130434783,3.99395635192561,19418.4565217391,0.189234153605748,1.21739130434783,4.04285506015333,22295.6630229309,7367620.96619391,1433847840.6897,192.382529276911,34.6963419026073,85.2127088238026,20.9177157771428,23.0754633741097,60.0478998615085,53.1174414846184,85.1367250042214,133.975193928739,33.3636690748026,56.0244544452114,41.45,56.0244544452115,33.3636690748023,133.975193928739,852.48629489603,4.30500221712594
1.19148936170213,1.19148936170213,63370.4468085106,56858.2553191489,0.0398370303304663,6.22776844395938,7.42031984812182,4.329179032325,0.127659574468085,0.838941043030927,28843.7252150294,1.19148936170213,4.04145253152483,18326.914893617,0.172650577458264,1.19148936170213,4.20006359427725,20231.1644914903,7466755.34870559,1476449628.52512,213.43378907444,10.8623846027539,66.5061816129096,21.3756748503676,30.3346124677238,49.2155880279638,50.5939423428491,89.4369891647978,141.712522312286,57.4139561968513,37.6914944794255,48.1055555555556,37.6914944794256,57.4139561968511,141.712522312286,855.387958352196,4.57023432593486
1.07692307692308,1.07692307692308,64905.0384615385,40882.25,0.0384615384615384,5.79634355087662,6.24221613171327,3.91325757911179,0.134615384615385,0.818312058783774,29805.8890532544,1.07692307692308,3.55012352253615,20541.0961538462,0.186543688027326,1.07692307692308,3.78649462272701,13188.2350933091,8599372.46861947,1871918585.51884,190.173611511059,92.3843700865517,85.5155990804871,93.6006156163739,48.4079325527397,48.1697680427046,24.6597555889001,78.5329867359501,28.1156657146264,70.6834329872172,63.8003010081769,34.147619047619,63.8003010081769,70.6834329872174,28.1156657146264,732.647928994083,4.79237661777674
1.30232558139535,1.30232558139535,63724.3720930233,62703.7906976744,0.091941590048675,6.69879228346026,8.72400855520412,4.2204132501353,0.255813953488372,0.964477595899911,9518.2990805841,1.30232558139535,3.62793542120686,3126.95348837209,0.327460230867534,1.30232558139535,4.01480826617056,55285.5136403084,6748780.47798416,1263986171.8202,220.326537195705,18.3587777511724,103.104649485328,57.2185968789711,59.0256137998316,99.5985422308602,41.5057010420155,79.9815676398724,91.2310854902166,44.1211587717858,48.4809399962065,59.3095238095238,48.4809399962061,44.1211587717859,91.2310854902166,853.260140616549,4.67360130905773
0.811594202898551,0.81159420289855,25790.6811594203,34935.1304347826,0.0159630329762655,5.53355075829996,4.4909977168811,3.27298781591759,0.0434782608695652,0.526772978201697,36269.0063011972,0.81159420289855,3.06449228323696,28676.6231884058,0.0447483082624977,0.81159420289855,3.09074325423849,10178.3071300939,8163786.86851538,2051193652.54205,261.393664698722,71.8547548380679,113.549348729932,42.3003546084427,45.8286927015454,12.1348442282729,35.6351828449631,20.7539019089047,58.2377584915439,41.1760014577674,13.15239952003,36.5,13.1523995200302,41.1760014577671,58.237758491544,1350.14366729679,4.6619514433534
0.933333333333334,0.933333333333333,39220.5833333333,42361.6,0.0166666666666667,6.12735724674935,5.71886676363276,3.77517844603663,0.0333333333333333,0.811325595013532,24857.0122222222,0.933333333333334,3.57174390194446,14786.8833333333,0.0822056468674709,0.933333333333334,3.7289686339993,15778.5425925926,10003043.9122958,2448968838.65285,307.492928053698,30.0016304326606,104.971135487407,69.5213135152078,52.0187680092222,15.4530115800586,52.4232119686381,108.13305739184,117.667046164308,21.1541050936162,47.8940784742511,8.53333333333333,47.8940784742513,21.154105093616,117.667046164308,1390.43888888889,4.76473517338753
1.36585365853659,1.36585365853659,82188.5365853659,70204.3658536585,0.0701963117192147,5.73262432090855,7.82992590172874,4.565015129723,0.195121951219512,0.932148966158647,18887.9720404521,1.36585365853659,3.94744930922286,9078.85365853659,0.341297978632581,1.36585365853659,4.26899436932085,47534.7731895939,6864556.10815568,1216334962.74664,100.622898049555,30.2068838224196,49.1845443812585,34.2880747184971,93.2240692128518,80.4749261234075,13.1316957065705,41.1993328934365,48.5679431331083,77.9830784706754,63.1080519510416,0.138888888888893,63.1080519510415,77.9830784706756,48.5679431331084,808.905413444378,3.6355188568536
1.24444444444444,1.24444444444444,70222.1777777778,60071.3333333333,0.0493827160493827,6.25679096746411,7.78622875951095,4.40367631161402,0.155555555555556,0.860750534266821,27740.3545679012,1.24444444444444,3.98619525814435,17152.4888888889,0.224169540276505,1.24444444444444,4.13396850769206,25073.5591111111,7262464.4057056,1385102932.25457,227.764709915385,22.6930374073694,66.8528706665,47.3760891923393,82.3845730015685,16.9039589197469,30.3245089557055,76.6157641000985,132.7848295838,55.247044534264,27.3802442101318,18.7222222222222,27.380244210132,55.2470445342639,132.7848295838,981.725432098765,4.42399202966803
1.27272727272727,1.27272727272727,62143.1136363636,61447.1136363636,0.125,6.31818530156815,8.04132674745032,3.91352791278567,0.318181818181818,0.965898869427886,9538.52479338843,1.27272727272727,3.38080576286471,2912.68181818182,0.409810732771329,1.27272727272727,3.64958238931467,51518.1288504884,7095390.0006419,1364000187.07488,233.586170166316,39.9314941508044,93.6804383929954,79.8785678446168,11.5665922809473,58.9127876889896,53.2308933897391,75.5814910635084,68.2154313700992,31.0184941075212,24.8973622889429,4.38095238095238,24.8973622889427,31.0184941075213,68.2154313700992,1008.15444214876,4.49285604583238
0.888888888888889,0.888888888888888,44425.5079365079,24879.8888888889,0.0161249685059209,5.79741729485701,5.1532598176507,3.60846688017146,0.0476190476190476,0.743604664457143,31002.8747795414,0.888888888888888,3.48183246599481,19319.9682539683,0.0731861803042863,0.888888888888888,3.52044819057654,14973.556787324,8638775.47732205,2082721311.98915,255.246736184996,55.0733461168393,113.822848567796,59.6896339713029,50.2862939862751,29.6998821355611,19.3548547936417,20.0453063930193,16.4920297843218,19.8674278175209,30.7169658438577,17.3547619047619,30.7169658438578,19.8674278175208,16.4920297843218,1450.35878054926,4.61998190207598
1.19148936170213,1.19148936170213,62731.0638297872,57357.1276595745,0.03168854685378,6.4617454457246,7.69910095660803,4.39930322096339,0.0638297872340425,0.843848735152528,27733.2236306021,1.19148936170213,3.9935942213445,17669.085106383,0.115916824012757,1.19148936170213,4.11157672016322,20848.6009939994,7497784.42677649,1484956695.29443,215.28048329652,10.9082408526472,59.283594120841,22.4293548010218,36.8825592316298,38.0810543122279,52.3529080475816,94.3999668144426,142.254349579506,60.9465094151888,35.0162998664669,55.4388888888889,35.016299866467,60.9465094151887,142.254349579506,837.18786781349,4.48512794324468
1,1,36335.8928571429,43334.6785714286,0.0235969387755102,6.48546099761262,6.48546099761256,3.86747643519079,0.0714285714285714,0.727596087866014,29096.0714285714,1,3.42794964185923,21245.25,0.170998597700421,1,3.76845540939651,20646.8112244898,7375675.98214286,1668719798.69866,236.790694800413,56.4979162243628,82.1392911895515,72.0645761152381,21.7788054437504,32.345098431968,47.295668876911,47.9703830970575,69.8280200917239,90.1375327978355,71.8512441713487,53.3273809523809,71.8512441713488,90.1375327978353,69.8280200917239,1123.71428571429,4.51086636461303
1.24444444444444,1.24444444444444,65120.7111111111,63282.5111111111,0.0345679012345679,6.5806296924135,8.18922806167017,4.58314728047863,0.0888888888888889,0.858804910958975,28925.5264197531,1.24444444444444,4.14022796493545,16819.3111111111,0.117733315932645,1.24444444444444,4.26345413036833,24809.8049382716,7121428.1302317,1353785869.4254,229.870607002795,77.0927904136861,185.765750590645,92.8377150311206,41.8611841608008,26.3618167017865,11.4997246446595,90.9205194442323,91.2055371151606,31.349793758904,92.4292847154127,24.8547619047619,92.4292847154127,31.349793758904,91.2055371151606,1665.34617283951,4.6995978816152
1.14285714285714,1.14285714285714,48607.5102040816,38861.7755102041,0.0291545189504373,6.8970778838243,7.88237472437071,4.30633601813461,0.0816326530612245,0.817406621030979,25584.4227405248,1.14285714285714,3.8930041363448,15537.2857142857,0.135154256069779,1.14285714285714,4.22146085316808,31059.5058606533,5792943.37705775,1156339869.20078,297.42899932433,57.4685218579506,80.9438065936109,17.8485838218175,44.0829755617057,46.3335251794589,36.0010298044541,114.529386088365,138.636443648377,50.3742008033214,108.910900034108,140.033333333333,108.910900034107,50.3742008033215,138.636443648377,1212.32653061224,4.67646150347459
1.05660377358491,1.05660377358491,52231.2075471698,48941.5471698113,0.0334638661445354,5.70166016135968,6.02439564219141,3.90384262483823,0.113207547169811,0.830980212567712,25722.0455678177,1.05660377358491,3.69459064580127,16252.5660377359,0.131515023984222,1.05660377358491,3.69969586475502,16285.783230452,8902898.97710471,1971706107.0384,242.688328941613,13.6342072084504,96.6376585340445,31.1514168474715,29.8699349047862,48.8255125832012,86.6675077493455,94.739069697567,125.632895019904,59.2463104959059,39.9902074234021,73.1777777777778,39.9902074234022,59.2463104959058,125.632895019904,1119.09576361695,4.77453695870281
1.24444444444444,1.24444444444444,69936.8888888889,59368.6666666667,0.0434567901234568,6.03286877397062,7.50757002983014,4.36750149097109,0.0888888888888889,0.848139945236177,28934.082962963,1.24444444444444,4.04373167263471,18684.4,0.150345703561469,1.24444444444444,4.15940676976557,25733.890260631,7145053.04965461,1362946214.56062,232.792679257635,27.2814558516748,113.076908391654,35.1475808309989,27.871373584089,40.486893550663,54.9485263262409,112.103422955196,114.530050554182,17.7182215950041,68.3356785800024,34.4277777777778,68.3356785800025,17.7182215950038,114.530050554182,1064.11555555556,4.72726704823379
0.861538461538461,0.861538461538461,24837.6923076923,33808.2461538461,0.016094674556213,5.7830695361609,4.98233683115399,3.51108476414886,0.0615384615384615,0.759486250820113,21347.2321893491,0.861538461538461,3.28975873714942,14178.1538461538,0.0924524415055816,0.861538461538461,3.4257743419261,24029.6812890305,8497593.61201038,2204736804.27387,280.231853607888,29.0536187781128,89.5621317096712,45.9142279381946,15.5818163285716,29.1256499953961,33.6350044742329,61.4758451510593,100.146901646025,67.3901970293098,26.8170913554401,10.8944444444444,26.81709135544,67.3901970293095,100.146901646025,1333.18485207101,4.73190390235738
0.835820895522388,0.835820895522388,25334.9104477612,32928.0746268657,0.012920472265538,5.69383341857841,4.75902494687155,3.49367898992201,0.0298507462686567,0.700307191537805,20955.543773669,0.835820895522388,3.15207588556594,17391.671641791,0.0461509738815021,0.835820895522389,3.34103259183837,25592.4357650376,9157249.52154262,2521391207.86593,173.776098605331,50.540056209272,101.834039502691,21.4170736349273,39.1053041038499,58.2279858380021,75.0798450975934,16.3180070047696,98.5759047467331,79.027619010294,40.8240048519369,51.4345238095238,40.8240048519368,79.027619010294,98.5759047467331,1107.29650256182,4.69126629037173
0.903225806451612,0.903225806451612,34500.1774193548,36248.0967741935,0.0156087408949011,6.10106644678558,5.51064066161282,3.68301511032718,0.032258064516129,0.80684559442089,20668.8288241415,0.903225806451612,3.40626058650132,13124.2096774194,0.0572617835897808,0.903225806451612,3.56277769178905,22283.8514316404,9562337.5440313,2435968562.02599,283.610736969446,42.4306343915166,113.895884765677,21.6445449601189,40.2479245532743,36.6313651956866,61.6900354264075,56.4554513033009,139.576206626056,97.3456915778073,80.138824311932,108.4,80.138824311932,97.3456915778072,139.576206626056,1391.5861082206,4.73536353999751
1.4,1.4,73499.775,72712.275,0.0675,6.68961270914782,9.36545779280698,4.65061016453485,0.175,0.92500597395218,18969.31,1.4,4.15237348379828,9276.1,0.256553269472087,1.4,4.36027008871676,62193.4465,6075649.91751093,1049685447.85036,303.161617002058,69.6785647104531,52.5860176470095,24.6375109222592,41.4573391004609,43.0246215039196,42.176459787637,65.9065521106292,79.6844622608838,47.0297820287207,147.304474270395,191.583333333333,147.304474270395,47.0297820287207,79.6844622608838,1539.1375,4.30869496581184
0.788732394366197,0.788732394366197,21213.5774647887,34884.1126760563,0.0162666137671097,5.42107382530539,4.27577653826912,3.19019718970118,0.0704225352112676,0.44907311897313,36831.8960523706,0.788732394366197,2.97979657089181,31285.6056338028,0.0311450588341046,0.788732394366197,3.02621680844117,9827.54801612691,7448145.92129404,1878027625.54113,203.381970778492,21.2022871873318,87.6467832983498,15.2426100289231,53.664899976975,20.2072258192125,35.485502307461,24.721742816825,25.671632894633,43.8520273416922,35.4072322065995,39.2777777777778,35.4072322065995,43.8520273416923,25.6716328946332,1064.56219004166,4.57918690298243
1.19148936170213,1.19148936170213,66855.7659574468,55098.1276595745,0.0344047080126754,6.09973689255483,7.2677716166611,4.35144491078307,0.0851063829787234,0.842248284746062,29803.2516976007,1.19148936170213,4.08208109545854,18519.3829787234,0.108066903925457,1.19148936170213,4.16333822332596,19237.4919719137,7585321.34351244,1499900923.344,226.494904591149,43.0040385663692,114.691212512198,12.6333003517599,41.496279343782,32.1222707444193,54.6345447558048,117.55147926665,126.957918204042,9.17841067602603,76.1305323680303,41.7166666666667,76.1305323680304,9.17841067602572,126.957918204042,1036.7795382526,4.65232561423111
0.903225806451612,0.903225806451612,38164.6451612903,41464.9193548387,0.0166493236212279,5.5844379752303,5.04400849375646,3.65221603766775,0.0483870967741936,0.822882998704915,21033.5697190427,0.903225806451612,3.28194782055649,13550.2741935484,0.122625755105883,0.903225806451612,3.48725944619028,19394.0733107314,11057541.5043026,2849356067.54528,260.238326358151,31.2471795953329,99.6161294127329,44.7709906629088,65.711610045581,36.0467203693027,69.6144046626551,64.6867790411303,128.490220006695,59.1028414384829,51.9902447523553,53.1222222222222,51.9902447523554,59.1028414384827,128.490220006695,1309.2528616025,4.79910773475777
1.21739130434783,1.21739130434783,65581.3260869565,58238.4565217391,0.0406427221172023,6.36646894831809,7.75048393708287,4.35409354462988,0.108695652173913,0.846679848858127,28655.0189035917,1.21739130434783,4.19203441529588,17919.4347826087,0.139808097333096,1.21739130434783,4.19203441529588,21736.8285526424,7225172.09247796,1392826349.63206,226.478704207392,32.7059576525003,90.2314016957106,15.7746720339213,42.7685358366842,37.4092420250515,29.9875758136718,64.4041600623229,118.298714340833,70.5334892927512,60.3447941395645,71.0833333333333,60.3447941395646,70.533489292751,118.298714340833,913.595935727789,4.81907560426997
1.27272727272727,1.27272727272727,72673.5909090909,61213.4545454546,0.0702479338842975,5.2178181848176,6.64085950794963,4.24078229224812,0.204545454545455,0.86681669459392,28839.0289256198,1.27272727272727,3.95305276224237,16857.6363636364,0.246802236046069,1.27272727272727,4.00834345880258,28880.4695717506,7003947.03423793,1306334832.12935,258.884400157995,25.8932859096113,38.2822425453967,51.7083836959196,76.2796562966351,76.3421574230125,95.7763368804091,141.986379432833,171.774554819604,80.549391130348,85.456013477276,105.166666666667,85.4560134772756,80.5493911303479,171.774554819604,923.051136363636,4.61485753570171
1.19148936170213,1.19148936170213,65445.6382978723,57592.4042553192,0.0669986419194205,5.85646386477441,6.97791439207165,4.06800256180219,0.212765957446808,0.853934577232614,27958.6908103214,1.19148936170213,3.93888712375444,16976.085106383,0.24616203766693,1.19148936170213,3.95002006298348,18740.9574757038,7739912.97011323,1534333971.53339,241.865283271282,63.9757907175221,145.365032874561,22.8511122996962,71.6922500297672,36.8122262298818,50.5260173796845,49.3130138334022,109.287863998606,52.0696156000262,42.8674810882659,57.7,42.8674810882659,52.0696156000261,109.287863998606,1082.06609325487,4.92370619851791
1.19148936170213,1.19148936170213,66264.1489361702,57154.4893617021,0.044363965595292,5.77161819258843,6.87682167627558,4.20006359427725,0.127659574468085,0.844184846033444,28666.1004979629,1.19148936170213,4.02308984604918,18307.5744680851,0.159589126914054,1.19148936170213,3.92347003270611,19082.2350346262,7720907.40508214,1529690906.16061,205.117403902829,32.3548188175707,81.9658196653279,22.6782186921422,51.7843213301665,39.160553590903,40.2874257560246,85.4440239728808,139.320416709681,58.0539715641758,35.9647185381939,33.9960317460317,35.9647185381936,58.0539715641757,139.320416709681,1085.77908555908,4.39014084863382
1.12,1.12,50771.54,49003.4,0.0408,6.08128817405289,6.8110427549392,3.97098898983453,0.1,0.680434206797855,38437.7784,1.12,3.75597785352717,30971.62,0.152615840756647,1.12,3.80601809588098,17302.164928,6463966.16152047,1323670265.04553,182.003886335311,23.8243846318986,64.0971571003537,22.962475427919,35.1717595269051,59.5792213033294,30.7818907560432,35.4809847351757,47.6550627657561,27.5715599691706,9.71128226440341,13.5166666666667,9.71128226440329,27.5715599691707,47.6550627657561,961.4224,4.43326968504275
1.19148936170213,1.19148936170213,64428.5531914894,54612.6808510638,0.0425531914893617,6.43472335186705,7.66690441924586,4.25905484368661,0.127659574468085,0.834433925491561,28818.3603440471,1.19148936170213,3.99150431696623,18867.6170212766,0.191516020679313,1.19148936170213,4.12270965939225,19082.5055141924,7295146.07438192,1428967218.23364,216.50117643743,35.8995784202065,92.1211365199615,6.20781683008761,35.7352459489373,47.4330907796131,53.190798416093,80.0128417626743,129.682121842392,66.0935379351098,52.6720223974935,69.5357142857143,52.6720223974936,66.0935379351096,129.682121842392,1061.44409234948,4.36789868754493
0.933333333333333,0.933333333333333,23555.95,43825.3333333333,0.0288888888888889,4.77943054966251,4.46080184635169,3.46072898192695,0.0833333333333333,0.705120497533673,33507.7788888889,0.933333333333334,3.31568612572029,21506.3166666667,0.102333171457962,0.933333333333334,3.41567286104032,14780.1726666667,6883001.86193589,1551838915.82777,293.858695886079,163.713227571422,86.3838975707078,116.501578434705,53.5952813306412,104.964852583033,62.4083538577491,109.809749617742,59.931317322824,116.952317949254,94.0023465191124,37.4833333333333,94.002346519112,116.952317949254,59.931317322824,1770.96222222222,4.00999829928928
1.14285714285714,1.14285714285714,59144.612244898,54968.5510204082,0.0349854227405248,6.09484748524308,6.96553998313498,4.18801256948777,0.102040816326531,0.846319148054429,25214.0087463557,1.14285714285714,3.95241294573916,16521.8163265306,0.147826733205903,1.14285714285714,3.79192846631065,18515.5899922651,8093005.90949358,1672552661.28647,223.060732475619,35.7888192862374,102.102505745099,9.4973404334393,66.121893498597,43.5108631958662,53.4336392305452,50.8944280706833,128.151856725919,90.0836695126396,46.1293716347323,70.2055555555556,46.1293716347323,90.0836695126396,128.151856725919,1015.0612244898,4.83090632989236
1.14285714285714,1.14285714285714,60836.6326530612,52936.7755102041,0.0374843815077051,6.31993637536667,7.22278442899054,4.17181206442015,0.122448979591837,0.850067272606314,26777.833819242,1.14285714285714,3.86060312620956,16211.8979591837,0.190276982339265,1.14285714285714,3.97377001283159,18145.9981555304,8041448.0808803,1653332773.40387,250.723443825806,27.6050074266049,40.9264178985075,60.7093897185599,58.8673686448064,25.9350684937937,22.3863640612157,119.717041393446,174.409338072495,79.2341621642204,36.8621229293815,5.3,36.8621229293817,79.2341621642204,174.409338072494,882.73885880883,4.69305148319797
0,0,0,0,0,0,0,0,0,0,0,0,0,0,0,0,0,0,0,0,0,0,0,0,0,0,0,0,0,0,0,0,0,0,0,0,0
0,0,0,0,0,0,0,0,0,0,0,0,0,0,0,0,0,0,0,0,0,0,0,0,0,0,0,0,0,0,0,0,0,0,0,0,0
0,0,0,0,0,0,0,0,0,0,0,0,0,0,0,0,0,0,0,0,0,0,0,0,0,0,0,0,0,0,0,0,0,0,0,0,0
0,0,0,0,0,0,0,0,0,0,0,0,0,0,0,0,0,0,0,0,0,0,0,0,0,0,0,0,0,0,0,0,0,0,0,0,0
0,0,0,0,0,0,0,0,0,0,0,0,0,0,0,0,0,0,0,0,0,0,0,0,0,0,0,0,0,0,0,0,0,0,0,0,0
0,0,0,0,0,0,0,0,0,0,0,0,0,0,0,0,0,0,0,0,0,0,0,0,0,0,0,0,0,0,0,0,0,0,0,0,0
0,0,0,0,0,0,0,0,0,0,0,0,0,0,0,0,0,0,0,0,0,0,0,0,0,0,0,0,0,0,0,0,0,0,0,0,0
0,0,0,0,0,0,0,0,0,0,0,0,0,0,0,0,0,0,0,0,0,0,0,0,0,0,0,0,0,0,0,0,0,0,0,0,0
0,0,0,0,0,0,0,0,0,0,0,0,0,0,0,0,0,0,0,0,0,0,0,0,0,0,0,0,0,0,0,0,0,0,0,0,0
0,0,0,0,0,0,0,0,0,0,0,0,0,0,0,0,0,0,0,0,0,0,0,0,0,0,0,0,0,0,0,0,0,0,0,0,0
0,0,0,0,0,0,0,0,0,0,0,0,0,0,0,0,0,0,0,0,0,0,0,0,0,0,0,0,0,0,0,0,0,0,0,0,0
0,0,0,0,0,0,0,0,0,0,0,0,0,0,0,0,0,0,0,0,0,0,0,0,0,0,0,0,0,0,0,0,0,0,0,0,0
0,0,0,0,0,0,0,0,0,0,0,0,0,0,0,0,0,0,0,0,0,0,0,0,0,0,0,0,0,0,0,0,0,0,0,0,0
0,0,0,0,0,0,0,0,0,0,0,0,0,0,0,0,0,0,0,0,0,0,0,0,0,0,0,0,0,0,0,0,0,0,0,0,0
0,0,0,0,0,0,0,0,0,0,0,0,0,0,0,0,0,0,0,0,0,0,0,0,0,0,0,0,0,0,0,0,0,0,0,0,0
0,0,0,0,0,0,0,0,0,0,0,0,0,0,0,0,0,0,0,0,0,0,0,0,0,0,0,0,0,0,0,0,0,0,0,0,0
0,0,0,0,0,0,0,0,0,0,0,0,0,0,0,0,0,0,0,0,0,0,0,0,0,0,0,0,0,0,0,0,0,0,0,0,0
0,0,0,0,0,0,0,0,0,0,0,0,0,0,0,0,0,0,0,0,0,0,0,0,0,0,0,0,0,0,0,0,0,0,0,0,0
0,0,0,0,0,0,0,0,0,0,0,0,0,0,0,0,0,0,0,0,0,0,0,0,0,0,0,0,0,0,0,0,0,0,0,0,0
0,0,0,0,0,0,0,0,0,0,0,0,0,0,0,0,0,0,0,0,0,0,0,0,0,0,0,0,0,0,0,0,0,0,0,0,0
0,0,0,0,0,0,0,0,0,0,0,0,0,0,0,0,0,0,0,0,0,0,0,0,0,0,0,0,0,0,0,0,0,0,0,0,0
0,0,0,0,0,0,0,0,0,0,0,0,0,0,0,0,0,0,0,0,0,0,0,0,0,0,0,0,0,0,0,0,0,0,0,0,0
0,0,0,0,0,0,0,0,0,0,0,0,0,0,0,0,0,0,0,0,0,0,0,0,0,0,0,0,0,0,0,0,0,0,0,0,0
0,0,0,0,0,0,0,0,0,0,0,0,0,0,0,0,0,0,0,0,0,0,0,0,0,0,0,0,0,0,0,0,0,0,0,0,0
0,0,0,0,0,0,0,0,0,0,0,0,0,0,0,0,0,0,0,0,0,0,0,0,0,0,0,0,0,0,0,0,0,0,0,0,0
0,0,0,0,0,0,0,0,0,0,0,0,0,0,0,0,0,0,0,0,0,0,0,0,0,0,0,0,0,0,0,0,0,0,0,0,0
0,0,0,0,0,0,0,0,0,0,0,0,0,0,0,0,0,0,0,0,0,0,0,0,0,0,0,0,0,0,0,0,0,0,0,0,0
0,0,0,0,0,0,0,0,0,0,0,0,0,0,0,0,0,0,0,0,0,0,0,0,0,0,0,0,0,0,0,0,0,0,0,0,0
0,0,0,0,0,0,0,0,0,0,0,0,0,0,0,0,0,0,0,0,0,0,0,0,0,0,0,0,0,0,0,0,0,0,0,0,0
0,0,0,0,0,0,0,0,0,0,0,0,0,0,0,0,0,0,0,0,0,0,0,0,0,0,0,0,0,0,0,0,0,0,0,0,0
0,0,0,0,0,0,0,0,0,0,0,0,0,0,0,0,0,0,0,0,0,0,0,0,0,0,0,0,0,0,0,0,0,0,0,0,0
0,0,0,0,0,0,0,0,0,0,0,0,0,0,0,0,0,0,0,0,0,0,0,0,0,0,0,0,0,0,0,0,0,0,0,0,0
0,0,0,0,0,0,0,0,0,0,0,0,0,0,0,0,0,0,0,0,0,0,0,0,0,0,0,0,0,0,0,0,0,0,0,0,0
0,0,0,0,0,0,0,0,0,0,0,0,0,0,0,0,0,0,0,0,0,0,0,0,0,0,0,0,0,0,0,0,0,0,0,0,0
0,0,0,0,0,0,0,0,0,0,0,0,0,0,0,0,0,0,0,0,0,0,0,0,0,0,0,0,0,0,0,0,0,0,0,0,0
0,0,0,0,0,0,0,0,0,0,0,0,0,0,0,0,0,0,0,0,0,0,0,0,0,0,0,0,0,0,0,0,0,0,0,0,0
0,0,0,0,0,0,0,0,0,0,0,0,0,0,0,0,0,0,0,0,0,0,0,0,0,0,0,0,0,0,0,0,0,0,0,0,0
0,0,0,0,0,0,0,0,0,0,0,0,0,0,0,0,0,0,0,0,0,0,0,0,0,0,0,0,0,0,0,0,0,0,0,0,0
0,0,0,0,0,0,0,0,0,0,0,0,0,0,0,0,0,0,0,0,0,0,0,0,0,0,0,0,0,0,0,0,0,0,0,0,0
0,0,0,0,0,0,0,0,0,0,0,0,0,0,0,0,0,0,0,0,0,0,0,0,0,0,0,0,0,0,0,0,0,0,0,0,0
0,0,0,0,0,0,0,0,0,0,0,0,0,0,0,0,0,0,0,0,0,0,0,0,0,0,0,0,0,0,0,0,0,0,0,0,0
0,0,0,0,0,0,0,0,0,0,0,0,0,0,0,0,0,0,0,0,0,0,0,0,0,0,0,0,0,0,0,0,0,0,0,0,0
0,0,0,0,0,0,0,0,0,0,0,0,0,0,0,0,0,0,0,0,0,0,0,0,0,0,0,0,0,0,0,0,0,0,0,0,0
0,0,0,0,0,0,0,0,0,0,0,0,0,0,0,0,0,0,0,0,0,0,0,0,0,0,0,0,0,0,0,0,0,0,0,0,0
0,0,0,0,0,0,0,0,0,0,0,0,0,0,0,0,0,0,0,0,0,0,0,0,0,0,0,0,0,0,0,0,0,0,0,0,0
0,0,0,0,0,0,0,0,0,0,0,0,0,0,0,0,0,0,0,0,0,0,0,0,0,0,0,0,0,0,0,0,0,0,0,0,0
0,0,0,0,0,0,0,0,0,0,0,0,0,0,0,0,0,0,0,0,0,0,0,0,0,0,0,0,0,0,0,0,0,0,0,0,0
0,0,0,0,0,0,0,0,0,0,0,0,0,0,0,0,0,0,0,0,0,0,0,0,0,0,0,0,0,0,0,0,0,0,0,0,0
0,0,0,0,0,0,0,0,0,0,0,0,0,0,0,0,0,0,0,0,0,0,0,0,0,0,0,0,0,0,0,0,0,0,0,0,0
0,0,0,0,0,0,0,0,0,0,0,0,0,0,0,0,0,0,0,0,0,0,0,0,0,0,0,0,0,0,0,0,0,0,0,0,0
0.949152542372881,0.949152542372881,40566.8644067797,44173.9830508474,0.02298190175237,5.90935902186497,5.60888313939727,3.68681895888661,0.0847457627118644,0.836205931782571,22039.2680264292,0.94915254237288,3.38829680376922,13261.6610169492,0.120998644284444,0.949152542372881,3.58396428789942,18903.1589305625,10246439.0756074,2516869721.83245,273.733408130909,29.8405947660584,76.2601053605632,27.0956531314397,49.4209105709532,37.8022864093261,17.3755461885199,128.31602223213,182.066956209236,61.9778469167996,46.3573898810911,1.73412698412699,46.3573898810913,61.9778469167995,182.066956209236,1110.48376903189,5.18739643298635
1.21739130434783,1.21739130434783,67086.6956521739,58999.8913043478,0.0406427221172023,6.21959467251824,7.57168047089173,4.35409354462988,0.108695652173913,0.854387570242183,27466.095463138,1.21739130434783,3.93368268405083,17316.5,0.207674939473944,1.21739130434783,4.16189758135849,21559.9068792636,7446362.65668909,1445912943.18418,260.962296496322,21.7594662707869,84.4439036082082,2.40289819865231,37.2232754150473,66.5557468463211,54.2430352836651,94.2846646800375,148.645230709039,53.5544837186946,78.6249188136301,100.694444444444,78.6249188136302,53.5544837186944,148.645230709039,922.374291115312,5.02889048342497
1.21739130434783,1.21739130434783,69179.5869565217,57616.3695652174,0.113421550094518,5.03856806741344,6.13390895163375,3.8276265484273,0.304347826086957,0.849613505957869,29309.7277882798,1.21739130434783,3.73721604661513,18252.1739130435,0.312158477440956,1.21739130434783,3.6655674190933,22025.2076929399,7485001.27996088,1458629749.29838,232.088160136137,17.370960936202,86.2550476843748,7.85345131333111,25.8587862135432,51.2514528550469,60.5658615728706,95.8833484623146,149.617997393455,66.9008827386805,36.3811317400802,59.5555555555556,36.3811317400798,66.9008827386804,149.617997393455,848.159262759925,4.90911276637242
1.16666666666667,1.16666666666667,64268.1458333333,55066.4166666667,0.0451388888888889,6.11043379998735,7.12883943331858,4.14597921841865,0.145833333333333,0.849860622693241,27997.8611111111,1.16666666666667,3.87011526088416,17066.6041666667,0.193348667531096,1.16666666666667,3.97269242327866,16473.2808883102,7939723.89510447,1600977793.65003,270.748686652513,32.6877915936126,120.526959850058,39.8582225047048,54.6297372911323,46.0778943277468,60.1227497305034,73.5502104469463,132.411600042616,45.947647441669,65.6656487030564,94.9888888888889,65.6656487030566,45.9476474416689,132.411600042616,900.041232638889,4.90256900618759
1.19148936170213,1.19148936170213,66827.6382978723,57347.9787234042,0.0334993209597103,5.88640693972445,7.0135912473313,4.38094053548775,0.0851063829787234,0.851848727712928,28630.0579447714,1.19148936170213,4.07485134921193,17490.1276595745,0.115180467693588,1.19148936170213,3.96409859663982,18567.2089614055,7812415.27971059,1548998760.29312,245.919608593429,32.313826071958,99.9538180981358,21.481313326876,64.4168304702045,40.1709689064422,40.833178007317,90.6433924785759,151.859504506734,66.223017651447,42.8198736607741,44.4801587301587,42.8198736607737,66.2230176514468,151.859504506734,1118.26437301947,4.91065985727268
0.727272727272727,0.727272727272727,20667.8831168831,27095.5454545455,0.00978242536684094,5.31283368215525,3.86387904156748,3.1411273930219,0.025974025974026,0.543646033295763,26546.6328217237,0.727272727272727,2.96550212629972,21727.4285714286,0.0266547470667337,0.727272727272727,3.00830520248159,16726.9623269293,9218161.24852247,2672939651.65669,251.759800331169,10.6100350699666,84.410332242694,29.718707232765,36.8403567140257,25.7245760323339,44.8582939654288,21.5738641067577,62.6086366153361,50.9638958491942,35.6828465769219,24.8507936507937,35.6828465769218,50.9638958491941,62.6086366153364,1123.73789846517,5.21965419012226
1.14285714285714,1.14285714285714,60769.0816326531,51383.9591836735,0.026655560183257,6.97737342244016,7.97414105421743,4.35224092789941,0.0612244897959184,0.836397194632533,28157.6064139942,1.14285714285714,3.89582950242814,17601.0408163265,0.0964891467757994,1.14285714285714,4.15419887631085,14710.1545189504,7727016.32223074,1562997401.55782,235.791515057993,14.0319044833481,100.189804476469,32.8625989929652,23.6353429033538,20.099159341207,52.9325619802663,101.034804705006,116.497163438845,51.2083796695595,54.8561636374026,45.218253968254,54.8561636374026,51.2083796695591,116.497163438845,1011.62015826739,4.56239304732702
0.933333333333334,0.933333333333333,22944.9833333333,44340.9333333333,0.0227777777777778,5.15707972948906,4.81327441418983,3.61795371398179,0.0833333333333333,0.707259188222432,34829.8522222222,0.933333333333334,3.59484880796313,21600.65,0.0842909631435413,0.933333333333334,3.52553408990713,13433.5119259259,6794604.84043443,1514637733.69682,320.822725666459,136.930147137724,118.812464264713,74.7229345277904,26.952141336648,58.359884433668,35.3337428592501,87.4278289663981,19.9185982832283,47.1897979129343,46.801408454386,5.46666666666666,46.8014084543856,47.1897979129346,19.9185982832282,1543.38083333333,4.62699079871217
0.96551724137931,0.965517241379311,36022.3965517241,50395.224137931,0.0208085612366231,5.85437004153408,5.65249521251573,3.80091959974138,0.0689655172413793,0.773073877976681,30954.7586206896,0.965517241379311,3.53314522821945,19831.3448275862,0.13443937466181,0.96551724137931,3.68141146516208,11861.819057772,9164234.68797675,2147555775.18357,240.885982496029,27.8360975995975,61.7405821207539,36.3943745497325,75.6823923313083,32.9111722788929,102.00934450902,51.7857033388057,35.4615095558553,40.4746399327025,30.879077275407,62.4952380952381,30.879077275407,40.4746399327024,35.4615095558555,1304.98246135553,5.07549688630702
1.12,1.12,58819.14,52586.96,0.0336,6.1574859342198,6.89638424632615,4.10961842594652,0.1,0.847752082537971,26056.412,1.12,3.73813684844532,16073.9,0.169370961240764,1.12,3.88414232676386,16906.459392,8378053.83031489,1763581004.63017,253.509171535105,21.1685579479024,77.7933927853744,31.0580181889823,49.1419595783614,57.6669760214351,67.1015302694789,112.646154170405,175.982427965183,75.2189187282907,33.7840461548612,19.0777777777778,33.7840461548613,75.2189187282906,175.982427965183,1018.1636,4.94146787515002
0,0,0,0,0,0,0,0,0,0,0,0,0,0,0,0,0,0,0,0,0,0,0,0,0,0,0,0,0,0,0,0,0,0,0,0,0
0,0,0,0,0,0,0,0,0,0,0,0,0,0,0,0,0,0,0,0,0,0,0,0,0,0,0,0,0,0,0,0,0,0,0,0,0
0,0,0,0,0,0,0,0,0,0,0,0,0,0,0,0,0,0,0,0,0,0,0,0,0,0,0,0,0,0,0,0,0,0,0,0,0
0,0,0,0,0,0,0,0,0,0,0,0,0,0,0,0,0,0,0,0,0,0,0,0,0,0,0,0,0,0,0,0,0,0,0,0,0
0,0,0,0,0,0,0,0,0,0,0,0,0,0,0,0,0,0,0,0,0,0,0,0,0,0,0,0,0,0,0,0,0,0,0,0,0
0,0,0,0,0,0,0,0,0,0,0,0,0,0,0,0,0,0,0,0,0,0,0,0,0,0,0,0,0,0,0,0,0,0,0,0,0
0,0,0,0,0,0,0,0,0,0,0,0,0,0,0,0,0,0,0,0,0,0,0,0,0,0,0,0,0,0,0,0,0,0,0,0,0
0,0,0,0,0,0,0,0,0,0,0,0,0,0,0,0,0,0,0,0,0,0,0,0,0,0,0,0,0,0,0,0,0,0,0,0,0
0,0,0,0,0,0,0,0,0,0,0,0,0,0,0,0,0,0,0,0,0,0,0,0,0,0,0,0,0,0,0,0,0,0,0,0,0
0,0,0,0,0,0,0,0,0,0,0,0,0,0,0,0,0,0,0,0,0,0,0,0,0,0,0,0,0,0,0,0,0,0,0,0,0
0,0,0,0,0,0,0,0,0,0,0,0,0,0,0,0,0,0,0,0,0,0,0,0,0,0,0,0,0,0,0,0,0,0,0,0,0
0,0,0,0,0,0,0,0,0,0,0,0,0,0,0,0,0,0,0,0,0,0,0,0,0,0,0,0,0,0,0,0,0,0,0,0,0
0,0,0,0,0,0,0,0,0,0,0,0,0,0,0,0,0,0,0,0,0,0,0,0,0,0,0,0,0,0,0,0,0,0,0,0,0
0,0,0,0,0,0,0,0,0,0,0,0,0,0,0,0,0,0,0,0,0,0,0,0,0,0,0,0,0,0,0,0,0,0,0,0,0
0,0,0,0,0,0,0,0,0,0,0,0,0,0,0,0,0,0,0,0,0,0,0,0,0,0,0,0,0,0,0,0,0,0,0,0,0
0,0,0,0,0,0,0,0,0,0,0,0,0,0,0,0,0,0,0,0,0,0,0,0,0,0,0,0,0,0,0,0,0,0,0,0,0
0,0,0,0,0,0,0,0,0,0,0,0,0,0,0,0,0,0,0,0,0,0,0,0,0,0,0,0,0,0,0,0,0,0,0,0,0
0,0,0,0,0,0,0,0,0,0,0,0,0,0,0,0,0,0,0,0,0,0,0,0,0,0,0,0,0,0,0,0,0,0,0,0,0
0,0,0,0,0,0,0,0,0,0,0,0,0,0,0,0,0,0,0,0,0,0,0,0,0,0,0,0,0,0,0,0,0,0,0,0,0
0,0,0,0,0,0,0,0,0,0,0,0,0,0,0,0,0,0,0,0,0,0,0,0,0,0,0,0,0,0,0,0,0,0,0,0,0
0,0,0,0,0,0,0,0,0,0,0,0,0,0,0,0,0,0,0,0,0,0,0,0,0,0,0,0,0,0,0,0,0,0,0,0,0
0,0,0,0,0,0,0,0,0,0,0,0,0,0,0,0,0,0,0,0,0,0,0,0,0,0,0,0,0,0,0,0,0,0,0,0,0
0,0,0,0,0,0,0,0,0,0,0,0,0,0,0,0,0,0,0,0,0,0,0,0,0,0,0,0,0,0,0,0,0,0,0,0,0
0,0,0,0,0,0,0,0,0,0,0,0,0,0,0,0,0,0,0,0,0,0,0,0,0,0,0,0,0,0,0,0,0,0,0,0,0
0,0,0,0,0,0,0,0,0,0,0,0,0,0,0,0,0,0,0,0,0,0,0,0,0,0,0,0,0,0,0,0,0,0,0,0,0
0,0,0,0,0,0,0,0,0,0,0,0,0,0,0,0,0,0,0,0,0,0,0,0,0,0,0,0,0,0,0,0,0,0,0,0,0
0,0,0,0,0,0,0,0,0,0,0,0,0,0,0,0,0,0,0,0,0,0,0,0,0,0,0,0,0,0,0,0,0,0,0,0,0
0,0,0,0,0,0,0,0,0,0,0,0,0,0,0,0,0,0,0,0,0,0,0,0,0,0,0,0,0,0,0,0,0,0,0,0,0
0,0,0,0,0,0,0,0,0,0,0,0,0,0,0,0,0,0,0,0,0,0,0,0,0,0,0,0,0,0,0,0,0,0,0,0,0
0,0,0,0,0,0,0,0,0,0,0,0,0,0,0,0,0,0,0,0,0,0,0,0,0,0,0,0,0,0,0,0,0,0,0,0,0
0,0,0,0,0,0,0,0,0,0,0,0,0,0,0,0,0,0,0,0,0,0,0,0,0,0,0,0,0,0,0,0,0,0,0,0,0
0,0,0,0,0,0,0,0,0,0,0,0,0,0,0,0,0,0,0,0,0,0,0,0,0,0,0,0,0,0,0,0,0,0,0,0,0
0,0,0,0,0,0,0,0,0,0,0,0,0,0,0,0,0,0,0,0,0,0,0,0,0,0,0,0,0,0,0,0,0,0,0,0,0
0,0,0,0,0,0,0,0,0,0,0,0,0,0,0,0,0,0,0,0,0,0,0,0,0,0,0,0,0,0,0,0,0,0,0,0,0
0,0,0,0,0,0,0,0,0,0,0,0,0,0,0,0,0,0,0,0,0,0,0,0,0,0,0,0,0,0,0,0,0,0,0,0,0
0,0,0,0,0,0,0,0,0,0,0,0,0,0,0,0,0,0,0,0,0,0,0,0,0,0,0,0,0,0,0,0,0,0,0,0,0
0,0,0,0,0,0,0,0,0,0,0,0,0,0,0,0,0,0,0,0,0,0,0,0,0,0,0,0,0,0,0,0,0,0,0,0,0
0,0,0,0,0,0,0,0,0,0,0,0,0,0,0,0,0,0,0,0,0,0,0,0,0,0,0,0,0,0,0,0,0,0,0,0,0
0,0,0,0,0,0,0,0,0,0,0,0,0,0,0,0,0,0,0,0,0,0,0,0,0,0,0,0,0,0,0,0,0,0,0,0,0
0,0,0,0,0,0,0,0,0,0,0,0,0,0,0,0,0,0,0,0,0,0,0,0,0,0,0,0,0,0,0,0,0,0,0,0,0
