0.0,0.0,0.0,0.0,0.0,-0.0,-0.0,-0.0,0.0,0.0,0.0,0.0,-0.0,0.0,0.0,0.0,-0.0,0.0,0.0,0.0,161.58113919689964,80.73819159940008,80.8444599143341,109.75362180812078,62.60958500592904,45.10612486126453,7.257923446131727,58.55922216013453,23.243672282142537,87.25900765685192,66.90297353980301,30.25,66.90297353980296,87.25900765685212,23.2436722821425,809.0780325443786,2.93384515513894
0.0,0.0,0.0,0.0,0.0,-0.0,-0.0,-0.0,0.0,0.0,0.0,0.0,-0.0,0.0,0.0,0.0,-0.0,0.0,0.0,0.0,184.32703595380224,32.274516899330095,71.66749166176942,15.754461529201253,43.71526932042515,31.59511050480001,28.056638883478996,85.9018951930491,133.88443215344284,59.33569446823717,26.432382447583702,24.587301587301585,26.432382447583784,59.33569446823698,133.8844321534428,942.4748021657643,3.5536169143754623
0.0,0.0,0.0,0.0,0.0,-0.0,-0.0,-0.0,0.0,0.0,0.0,0.0,-0.0,0.0,0.0,0.0,-0.0,0.0,0.0,0.0,253.12357093765576,63.28595285766522,123.34319464725337,39.92433159223103,62.7384027356609,29.467037977382514,34.47825700244371,21.935478477785196,53.293861327524695,60.901758255010314,8.598138338337332,34.80555555555557,8.598138338337202,60.90175825501011,53.29386132752489,1605.473913905971,3.7711351591317257
0.0,0.0,0.0,0.0,0.0,-0.0,-0.0,-0.0,0.0,0.0,0.0,0.0,-0.0,0.0,0.0,0.0,-0.0,0.0,0.0,0.0,289.2896822957876,14.541236598987423,91.61182076137446,39.67160553129695,49.311496103658385,11.326986830968613,25.045309949274202,80.809697671825,111.82415228524731,41.232032271335235,38.10334435407813,33.45595238095239,38.10334435407826,41.23203227133498,111.82415228524734,1403.7666666666667,3.939525174503373
0.0,0.0,0.0,0.0,0.0,-0.0,-0.0,-0.0,0.0,0.0,0.0,0.0,-0.0,0.0,0.0,0.0,-0.0,0.0,0.0,0.0,85.07542045999043,30.756372130151238,49.37864833835752,31.464314491495813,91.37148882396576,81.72284537869523,34.444058829589146,70.60101335264073,46.599512018642166,56.48365779659636,65.79180449865375,18.555555555555557,65.79180449865372,56.48365779659662,46.59951201864223,927.1612135633552,1.5894766538752347
0.0,0.0,0.0,0.0,0.0,-0.0,-0.0,-0.0,0.0,0.0,0.0,0.0,-0.0,0.0,0.0,0.0,-0.0,0.0,0.0,0.0,185.76600913589846,33.991500802817406,74.4221377492493,16.86367734601909,47.27441903195997,33.72794227078057,28.95739581553836,86.47239758933215,135.31730374568926,58.618637851863724,28.60594493621913,24.337301587301585,28.60594493621922,58.61863785186352,135.31730374568923,983.4431869624264,3.502704552662689
1.0,1.0,65024.0,65024.0,1.0,-0.0,-0.0,-0.0,1.0,0.9921874999998475,0.0,1.0,-0.0,0.0,1.0,1.0,-0.0,0.0,16387064.0,4162314256.0,177.23753618238715,27.413317627704195,72.4090354583873,40.013790423256445,48.1409274760182,70.06796198728871,35.3848514133272,88.9161916543999,99.93212944569275,59.004205187380684,26.93886964253523,14.423809523809524,26.938869642534943,59.00420518738078,99.93212944569272,803.2655489453758,3.2124636029815745
0.0,0.0,0.0,0.0,0.0,-0.0,-0.0,-0.0,0.0,0.0,0.0,0.0,-0.0,0.0,0.0,0.0,-0.0,0.0,0.0,0.0,254.0468835134914,59.55713169095095,112.35805428143868,62.523445171752336,53.66331369401194,35.27922583490479,20.11574696440579,12.541227476659286,21.334582148682905,24.322024049457365,30.089485241874186,32.219047619047615,30.08948524187429,24.32202404945718,21.334582148683015,1536.9377676996721,3.4976675656183107
0.0,0.0,0.0,0.0,0.0,-0.0,-0.0,-0.0,0.0,0.0,0.0,0.0,-0.0,0.0,0.0,0.0,-0.0,0.0,0.0,0.0,185.72488821855245,30.26828248089599,70.22123809767432,12.566058782821866,39.89700286730958,24.75320405747721,29.801057118902058,82.75435705212797,126.73600272494173,60.15824934741351,23.293033000049178,32.6,23.29303300004925,60.158249347413395,126.73600272494173,966.6458333333334,3.779373111400912
0.0,0.0,0.0,0.0,0.0,-0.0,-0.0,-0.0,0.0,0.0,0.0,0.0,-0.0,0.0,0.0,0.0,-0.0,0.0,0.0,0.0,228.90876392724633,19.770719828934975,89.49229043755169,58.45839398375983,22.929058453343035,56.43850581182667,96.82514085706102,78.3128349854402,21.506050291824415,23.351318368446115,38.52127551861213,37.02222222222222,38.52127551861215,23.351318368445988,21.506050291824245,1239.2486282578873,3.7030946740634536
0.0,0.0,0.0,0.0,0.0,-0.0,-0.0,-0.0,0.0,0.0,0.0,0.0,-0.0,0.0,0.0,0.0,-0.0,0.0,0.0,0.0,165.90452871309475,57.915800596426934,134.94308205939674,69.43014626047224,41.036589896270215,40.06962654749005,19.94673630051085,55.13563336802624,88.04160420750596,37.40295995181416,34.72674146941782,41.440476190476204,34.72674146941784,37.40295995181384,88.04160420750601,1054.0980725623583,4.075580063767632
0.0,0.0,0.0,0.0,0.0,-0.0,-0.0,-0.0,0.0,0.0,0.0,0.0,-0.0,0.0,0.0,0.0,-0.0,0.0,0.0,0.0,301.85820959852623,53.066923499016745,90.44349249327695,47.456883940407934,36.537036967615954,39.65345017915964,13.44324531795092,83.55721758837518,128.35242368423997,105.1201400901449,82.01169865485087,84.1,82.01169865485062,105.12014009014501,128.35242368423994,1549.7116493656288,3.9722170483212897
0.0,0.0,0.0,0.0,0.0,-0.0,-0.0,-0.0,0.0,0.0,0.0,0.0,-0.0,0.0,0.0,0.0,-0.0,0.0,0.0,0.0,197.31934699648687,31.43706846359057,92.63207538525555,1.9681334768547867,46.51450845020645,5.5879776151269205,44.24626728416813,95.47544009060027,122.59827186441645,49.664290129527075,26.787788472404177,37.87777777777777,26.787788472404287,49.664290129527046,122.59827186441643,1062.1509433962265,3.711649071048482
0.0,0.0,0.0,0.0,0.0,-0.0,-0.0,-0.0,0.0,0.0,0.0,0.0,-0.0,0.0,0.0,0.0,-0.0,0.0,0.0,0.0,184.1603285258587,34.775223520058184,74.61917896169972,16.12089584802305,46.72324949864812,34.09124974825396,29.604681502183332,85.2595303514335,133.89596565095755,58.30029107979788,28.090686775864896,24.42063492063492,28.09068677586497,58.300291079797695,133.89596565095752,977.5156179266636,3.549510850514844
0.0,0.0,0.0,0.0,0.0,-0.0,-0.0,-0.0,0.0,0.0,0.0,0.0,-0.0,0.0,0.0,0.0,-0.0,0.0,0.0,0.0,253.0151403908147,31.865902257534536,88.80705580673948,46.22383677735708,12.559417245693261,16.42846070049331,24.604096493731713,66.22029173174198,97.59822744001302,61.93856834494893,17.77786624372273,1.3111111111111136,17.777866243722737,61.93856834494867,97.59822744001308,1310.0192837465565,3.7093075571221887
0.0,0.0,0.0,0.0,0.0,-0.0,-0.0,-0.0,0.0,0.0,0.0,0.0,-0.0,0.0,0.0,0.0,-0.0,0.0,0.0,0.0,123.9494354734331,45.67972694361699,80.47542844120542,13.764896074637784,70.93890885756723,25.565142882687923,37.497376616754075,19.882445766551456,57.21764132178929,68.12753368261855,29.465631335289537,5.928571428571429,29.46563133528945,68.1275336826185,57.217641321789415,954.8359096313914,3.271918870553331
0.0,0.0,0.0,0.0,0.0,-0.0,-0.0,-0.0,0.0,0.0,0.0,0.0,-0.0,0.0,0.0,0.0,-0.0,0.0,0.0,0.0,270.747966853235,33.454668183887705,110.25613601941551,21.95995892342174,22.04783877071426,67.1240179581649,94.32963677440718,63.67723048735436,132.74128547351486,88.66526343996458,63.69805004343834,76.57142857142856,63.69805004343834,88.66526343996446,132.74128547351492,1592.25,4.47710139674289
0.0,0.0,0.0,0.0,0.0,-0.0,-0.0,-0.0,0.0,0.0,0.0,0.0,-0.0,0.0,0.0,0.0,-0.0,0.0,0.0,0.0,326.1402848166513,53.60188166590579,99.10624248186154,70.02872674441868,49.672713713906084,58.91562057062821,28.20679773738836,59.57833603752313,104.71163076656345,110.94978883704721,111.17137758169561,120.54166666666666,111.17137758169558,110.949788837047,104.71163076656374,1751.0053539559785,3.5268532200346003
0.0,0.0,0.0,0.0,0.0,-0.0,-0.0,-0.0,0.0,0.0,0.0,0.0,-0.0,0.0,0.0,0.0,-0.0,0.0,0.0,0.0,182.26838666206746,19.05460362218583,59.82587624480111,35.63124192663745,24.23080878122182,23.142185972913964,47.78943271005153,15.437755346016221,58.311959264546566,59.75698249865535,22.649062691198786,39.838888888888896,22.649062691198704,59.75698249865515,58.31195926454676,1158.8302469135804,3.1734080751522633
0.0,0.0,0.0,0.0,0.0,-0.0,-0.0,-0.0,0.0,0.0,0.0,0.0,-0.0,0.0,0.0,0.0,-0.0,0.0,0.0,0.0,184.27573279549856,35.868894089508146,75.99492508810495,17.7113989654453,48.66002333813122,36.15900734316871,29.732313734329804,86.25011311935484,136.23087484147015,58.19103921575308,29.423120765311666,21.387301587301582,29.42312076531174,58.19103921575288,136.23087484147015,972.498263888889,3.6216569576935047
0.0,0.0,0.0,0.0,0.0,-0.0,-0.0,-0.0,0.0,0.0,0.0,0.0,-0.0,0.0,0.0,0.0,-0.0,0.0,0.0,0.0,225.32180452303123,28.522559334793726,82.43969540613243,34.56999039790301,48.017594883082864,44.765308523701734,51.53618285828901,79.95668488833996,137.1898039789714,51.87098710683677,72.78260941608883,67.35833333333333,72.78260941608895,51.87098710683653,137.18980397897138,1274.137059930126,3.995670119259235
0.0,0.0,0.0,0.0,0.0,-0.0,-0.0,-0.0,0.0,0.0,0.0,0.0,-0.0,0.0,0.0,0.0,-0.0,0.0,0.0,0.0,184.8836280172547,33.95016308429349,74.53648555104509,16.658104849233364,46.89655368275572,33.91133879644074,30.078049414073654,85.16308116593687,134.93816539223155,59.44813147269629,27.503915442202256,24.730158730158728,27.50391544220234,59.448131472696105,134.93816539223153,978.0823902218197,3.46440446782466
0.0,0.0,0.0,0.0,0.0,-0.0,-0.0,-0.0,0.0,0.0,0.0,0.0,-0.0,0.0,0.0,0.0,-0.0,0.0,0.0,0.0,186.62759412743324,45.38759519826852,84.37447610351336,29.558599989399514,61.6338249708328,49.475762865378,33.84902390255938,92.06667119237245,149.7009611934996,60.04673255895772,39.27106199881517,8.700000000000003,39.27106199881496,60.0467325589576,149.70096119349955,1155.6558159722224,3.854573954474076
0.0,0.0,0.0,0.0,0.0,-0.0,-0.0,-0.0,0.0,0.0,0.0,0.0,-0.0,0.0,0.0,0.0,-0.0,0.0,0.0,0.0,184.4837767421152,36.012524393394386,75.8176754732638,18.914772365287327,49.78592545074805,36.73157984005008,29.732042626291687,86.68032914214994,137.9458125760694,59.58189084103374,28.832595833702257,21.737301587301584,28.832595833702335,59.58189084103355,137.94581257606936,978.9982638888887,3.4993896717613877
0.0,0.0,0.0,0.0,0.0,-0.0,-0.0,-0.0,0.0,0.0,0.0,0.0,-0.0,0.0,0.0,0.0,-0.0,0.0,0.0,0.0,185.28295691152005,34.128388347945126,74.48685065145187,15.93773067702183,46.16453521167327,33.594178049415454,29.78116594552792,85.47714283341452,134.77080332543366,59.46525789803386,27.11529130992957,24.67063492063492,27.115291309929304,59.465257898033734,134.77080332543363,980.1674966047984,3.630364126697966
0.0,0.0,0.0,0.0,0.0,-0.0,-0.0,-0.0,0.0,0.0,0.0,0.0,-0.0,0.0,0.0,0.0,-0.0,0.0,0.0,0.0,184.18994605434494,21.313730035962998,60.645283642486454,29.01135011291525,14.795840133999244,13.569998253784265,32.113372848916754,15.978597505140748,60.48294077845711,62.38867248070125,28.838211361518816,34.05714285714286,28.838211361518724,62.38867248070108,60.482940778457284,1137.339854950245,3.1119042598415634
0.0,0.0,0.0,0.0,0.0,-0.0,-0.0,-0.0,0.0,0.0,0.0,0.0,-0.0,0.0,0.0,0.0,-0.0,0.0,0.0,0.0,185.7772566451053,34.5168532056283,76.89690751231616,16.092872720746506,48.365128893418365,34.00392032368747,32.29798983268378,83.105488501499,133.8509768174551,60.40482642482731,27.095016671646547,27.730158730158728,27.09501667164663,60.404826424827164,133.8509768174551,959.4370659722221,3.6216569576935047
0.0,0.0,0.0,0.0,0.0,-0.0,-0.0,-0.0,0.0,0.0,0.0,0.0,-0.0,0.0,0.0,0.0,-0.0,0.0,0.0,0.0,267.39847801104054,143.7651048594892,97.83136412656397,88.21407673003975,21.520857750630796,71.5472571102483,55.441694960384304,106.31944005370478,17.59203651346959,87.47628988135419,72.93574484951561,7.699999999999999,72.9357448495153,87.47628988135445,17.592036513469598,1751.9543133566249,2.902677430378356
0.0,0.0,0.0,0.0,0.0,-0.0,-0.0,-0.0,0.0,0.0,0.0,0.0,-0.0,0.0,0.0,0.0,-0.0,0.0,0.0,0.0,215.7871472835089,39.898985556434916,13.624268028262508,59.0782489200963,86.83832490410487,18.108612225532255,78.24519908347595,48.5489735092122,34.38616338381895,61.89167269387949,42.4312215522998,50.923809523809524,42.43122155229968,61.89167269387951,34.38616338381915,1700.3099999999997,3.609872705656282
0.0,0.0,0.0,0.0,0.0,-0.0,-0.0,-0.0,0.0,0.0,0.0,0.0,-0.0,0.0,0.0,0.0,-0.0,0.0,0.0,0.0,190.1021857690516,43.463761472939915,85.52873040821467,21.29060245945188,55.70503645524013,31.75377687266514,46.63961010599946,81.42795573578286,137.30872164648204,63.282413890110014,30.491837914004524,45.044444444444444,30.49183791400462,63.28241389010994,137.308721646482,1020.7827758554401,3.8599045162632235
0.0,0.0,0.0,0.0,0.0,-0.0,-0.0,-0.0,0.0,0.0,0.0,0.0,-0.0,0.0,0.0,0.0,-0.0,0.0,0.0,0.0,182.68148765549165,26.953511210354886,72.17395376001696,10.026989937707341,46.47166850078182,35.97242180317423,21.935030878899756,79.7275970637524,127.55287055335945,63.61880838178708,22.132573605239482,16.992857142857144,22.132573605239532,63.6188083817869,127.55287055335943,970.7638888888888,3.4160563387165936
0.0,0.0,0.0,0.0,0.0,-0.0,-0.0,-0.0,0.0,0.0,0.0,0.0,-0.0,0.0,0.0,0.0,-0.0,0.0,0.0,0.0,190.58934601960195,42.47957437223431,91.10165021275986,21.597264055635286,61.09610663208923,37.30747779393452,48.606429262807815,70.95943501651783,130.79824600868267,68.4174352685962,27.8985505981179,44.670634920634924,27.89855059811795,68.41743526859612,130.79824600868264,1116.9696,3.6417062735347674
0.0,0.0,0.0,0.0,0.0,-0.0,-0.0,-0.0,0.0,0.0,0.0,0.0,-0.0,0.0,0.0,0.0,-0.0,0.0,0.0,0.0,232.3176653397481,52.199573842268215,70.35534703721436,62.24869435562159,60.83692592599174,42.16990415363217,28.709437958783653,35.43011157366641,42.144721997572944,43.93564520132845,4.690677610185487,16.58571428571429,4.690677610185391,43.935645201328505,42.14472199757297,1345.709722222222,3.6351141335941497
0.0,0.0,0.0,0.0,0.0,-0.0,-0.0,-0.0,0.0,0.0,0.0,0.0,-0.0,0.0,0.0,0.0,-0.0,0.0,0.0,0.0,325.68455799012645,54.450525059365184,98.17623063927269,70.00321173187551,48.600417067239846,58.11161733633346,27.949665430500293,57.88084923645607,103.74066538311284,111.50587634581578,111.48443919813552,119.95833333333334,111.48443919813556,111.50587634581554,103.74066538311314,1735.7192147531232,3.699015415789762
0.0,0.0,0.0,0.0,0.0,-0.0,-0.0,-0.0,0.0,0.0,0.0,0.0,-0.0,0.0,0.0,0.0,-0.0,0.0,0.0,0.0,252.55187400513248,32.471492772629965,88.1545680840258,46.49421144111231,12.33099369446101,17.316287915153538,25.12700521843273,66.02628989114943,97.8395614270622,62.62362289720531,17.578926890453207,1.155555555555555,17.5789268904532,62.62362289720502,97.83956142706225,1312.168044077135,3.6321711167379576
0.0,0.0,0.0,0.0,0.0,-0.0,-0.0,-0.0,0.0,0.0,0.0,0.0,-0.0,0.0,0.0,0.0,-0.0,0.0,0.0,0.0,184.60324161310473,33.92863971314372,74.001670040984,17.04198164304831,47.305050123580386,33.89989598576665,29.26223150392028,84.75019648938064,134.39175143520197,59.15166920361563,27.798529167613214,24.809523809523814,27.798529167613292,59.15166920361546,134.39175143520194,981.6016296966953,3.5069576591697524
0.0,0.0,0.0,0.0,0.0,-0.0,-0.0,-0.0,0.0,0.0,0.0,0.0,-0.0,0.0,0.0,0.0,-0.0,0.0,0.0,0.0,190.01249610066998,46.65451275486591,89.53432723853541,23.138026201207783,59.9595134139593,34.97297335019401,50.731352339145296,78.37151046976922,136.71495959443456,64.27820518322154,30.848004025140863,46.287301587301585,30.84800402514095,64.27820518322144,136.71495959443453,1054.5939192003332,3.691471760925581
0.0,0.0,0.0,0.0,0.0,-0.0,-0.0,-0.0,0.0,0.0,0.0,0.0,-0.0,0.0,0.0,0.0,-0.0,0.0,0.0,0.0,182.8708325834153,27.007427491460838,72.87322032906873,9.406899529353645,46.19322456100765,35.54350225295959,21.608105100278454,80.35990354262294,127.1648234536611,62.53244717131078,22.357267099435806,16.580158730158736,22.35726709943586,62.532447171310594,127.1648234536611,969.3055555555555,3.4577230052389907
0.0,0.0,0.0,0.0,0.0,-0.0,-0.0,-0.0,0.0,0.0,0.0,0.0,-0.0,0.0,0.0,0.0,-0.0,0.0,0.0,0.0,132.25212108345167,38.344513412636246,71.84924248476902,15.447365830817558,39.31962522170928,39.134036940011924,42.62061673034729,39.22283561056393,96.95730786696444,71.95684634273938,31.32280255287023,28.191666666666663,31.32280255287017,71.95684634273933,96.95730786696447,958.1511678200691,3.529203934704632
0.0,0.0,0.0,0.0,0.0,-0.0,-0.0,-0.0,0.0,0.0,0.0,0.0,-0.0,0.0,0.0,0.0,-0.0,0.0,0.0,0.0,198.8984174438961,19.13893530314906,75.30392083665966,58.0938632253394,32.184361625142216,33.51494277018655,62.620444231792845,34.929695262213556,63.154660740857274,93.13701698701574,61.81302211218912,12.216666666666656,61.813022112189024,93.1370169870157,63.154660740857395,1238.224365234375,3.3149258067414378
0.0,0.0,0.0,0.0,0.0,-0.0,-0.0,-0.0,0.0,0.0,0.0,0.0,-0.0,0.0,0.0,0.0,-0.0,0.0,0.0,0.0,261.9550703275001,49.45233134318318,95.24109499596752,78.1798254157736,14.544232676251154,45.85624387191785,18.912666956764458,94.01646946472839,101.56081091525938,63.995200603125085,44.202981535243126,25.77142857142856,44.20298153524302,63.99520060312511,101.56081091525937,1650.6697520661155,3.4960249926152063
0.0,0.0,0.0,0.0,0.0,-0.0,-0.0,-0.0,0.0,0.0,0.0,0.0,-0.0,0.0,0.0,0.0,-0.0,0.0,0.0,0.0,279.9342243608926,37.64628619458087,74.33275408285803,31.441696483774113,25.528067717579763,6.195181819589991,14.651563157223094,89.07863099531765,112.40923253606115,46.95229165132709,36.842013131293825,7.883333333333336,36.84201313129396,46.952291651326746,112.40923253606117,1300.4640309155768,3.7605402070860303
0.0,0.0,0.0,0.0,0.0,-0.0,-0.0,-0.0,0.0,0.0,0.0,0.0,-0.0,0.0,0.0,0.0,-0.0,0.0,0.0,0.0,262.1482372843732,49.70519550151357,95.18381909923667,78.34843348452146,14.32901146279089,45.8818864658911,18.656561408473305,93.39089320827982,100.97407669521067,63.484891183942594,43.7082650045888,25.252380952380943,43.70826500458868,63.484891183942636,100.97407669521068,1650.1441322314054,3.344233801309892
0.0,0.0,0.0,0.0,0.0,-0.0,-0.0,-0.0,0.0,0.0,0.0,0.0,-0.0,0.0,0.0,0.0,-0.0,0.0,0.0,0.0,190.72443705058473,46.76205834273782,89.29600495473879,24.44753511949609,60.66379528882117,35.075078618381674,50.844947694080794,78.48179339218674,138.37021218659922,65.43329055652826,30.789330546089538,46.52063492063492,30.789330546089623,65.43329055652816,138.37021218659916,1057.5960016659724,3.6098391081528955
0.0,0.0,0.0,0.0,0.0,-0.0,-0.0,-0.0,0.0,0.0,0.0,0.0,-0.0,0.0,0.0,0.0,-0.0,0.0,0.0,0.0,228.77047820613018,20.88349155123862,113.89198974891188,51.356088030318055,13.643618237800037,14.5365439878642,21.38587610697601,102.58512454433996,131.71194666109838,64.73408686968234,26.67974382000673,18.733333333333334,26.679743820006774,64.7340868696821,131.71194666109838,1121.043305785124,4.100658583350179
0.0,0.0,0.0,0.0,0.0,-0.0,-0.0,-0.0,0.0,0.0,0.0,0.0,-0.0,0.0,0.0,0.0,-0.0,0.0,0.0,0.0,188.04226637674898,52.910813376673836,81.99290819179147,36.38980321158355,58.77495778111384,43.317445805484596,44.4358123411527,96.28300876986415,154.8278208764937,52.79976057434059,45.903353517960205,29.366666666666674,45.9033535179603,52.799760574340404,154.82782087649366,1148.6938775510205,3.6098391081528955
0.0,0.0,0.0,0.0,0.0,-0.0,-0.0,-0.0,0.0,0.0,0.0,0.0,-0.0,0.0,0.0,0.0,-0.0,0.0,0.0,0.0,186.9824746486801,35.439915236118956,72.54601246763602,19.182757976311148,43.01400453564763,25.885638852765737,35.97347991741926,88.02030731526669,133.75698644930677,58.51736078827258,28.61447319490383,38.96507936507936,28.614473194903912,58.51736078827248,133.75698644930677,998.5114535610162,3.650655434539239
0.0,0.0,0.0,0.0,0.0,-0.0,-0.0,-0.0,0.0,0.0,0.0,0.0,-0.0,0.0,0.0,0.0,-0.0,0.0,0.0,0.0,188.04226637674898,52.910813376673836,81.99290819179147,36.38980321158355,58.77495778111384,43.317445805484596,44.4358123411527,96.28300876986415,154.8278208764937,52.79976057434059,45.903353517960205,29.366666666666674,45.9033535179603,52.799760574340404,154.82782087649366,1148.6938775510205,3.6098391081528955
0.0,0.0,0.0,0.0,0.0,-0.0,-0.0,-0.0,0.0,0.0,0.0,0.0,-0.0,0.0,0.0,0.0,-0.0,0.0,0.0,0.0,184.6412815108446,36.157215745017375,76.3769412703086,17.878217211670574,48.545624166986194,36.09382196444428,29.626608089892905,86.00679322795074,136.97970465526112,58.79445284909334,28.930191279683836,21.603968253968258,28.93019127968392,58.79445284909315,136.9797046552611,975.4149305555553,3.579990291171108
0.0,0.0,0.0,0.0,0.0,-0.0,-0.0,-0.0,0.0,0.0,0.0,0.0,-0.0,0.0,0.0,0.0,-0.0,0.0,0.0,0.0,184.16914853098902,26.669465110282545,72.4235164180957,8.600048449475931,45.698690682852,34.86302163866143,21.926006265492166,80.35362641335954,126.85190552886671,63.081034019375856,22.211438085420255,18.05,22.211438085420312,63.08103401937565,126.85190552886671,966.6458333333334,3.779373111400912
0.0,0.0,0.0,0.0,0.0,-0.0,-0.0,-0.0,0.0,0.0,0.0,0.0,-0.0,0.0,0.0,0.0,-0.0,0.0,0.0,0.0,86.42290167550199,11.674630717864533,51.654178284881525,53.52501751517695,9.060105843574865,36.139348361585064,45.20030641956029,22.053967896956777,5.490980396402179,3.6616932697173916,19.19736564395216,30.55,19.19736564395218,3.6616932697174,5.490980396402177,73.67800453514741,4.106603134467623
0.0,0.0,0.0,0.0,0.0,-0.0,-0.0,-0.0,0.0,0.0,0.0,0.0,-0.0,0.0,0.0,0.0,-0.0,0.0,0.0,0.0,118.1347794151292,29.115199925777297,26.471245348400625,14.711622505172347,17.560124259560492,11.780873464724005,32.75093378519782,56.468224765466644,65.33425911880191,68.1919367324527,46.63480809384377,1.0571428571428605,46.63480809384363,68.19193673245273,65.33425911880187,104.99380165289257,3.8230679799653484
0.0,0.0,0.0,0.0,0.0,-0.0,-0.0,-0.0,0.0,0.0,0.0,0.0,-0.0,0.0,0.0,0.0,-0.0,0.0,0.0,0.0,23.74272080582436,10.74178373887996,13.230375369015745,14.135091663181052,10.786545288464787,12.305664864407046,10.5938301910578,8.52731505462396,13.193675983678256,13.723337803700693,9.588339172885957,6.9714285714285715,9.588339172885952,13.7233378037007,13.193675983678252,28.339999999999996,2.4609640461452558
0.0,0.0,0.0,0.0,0.0,-0.0,-0.0,-0.0,0.0,0.0,0.0,0.0,-0.0,0.0,0.0,0.0,-0.0,0.0,0.0,0.0,21.720868590492632,12.78562100762417,3.960186214659179,3.7647856660255052,5.204869749350231,6.795116710632068,9.181653503137053,10.344416099734415,10.327833624117167,9.185592940666481,5.874085627535982,1.9166666666666665,5.874085627535979,9.185592940666492,10.327833624117178,21.765555555555554,1.8256051978627876
0.0,0.0,0.0,0.0,0.0,-0.0,-0.0,-0.0,0.0,0.0,0.0,0.0,-0.0,0.0,0.0,0.0,-0.0,0.0,0.0,0.0,16.63611311960906,4.498308317232843,8.371449085273909,14.402690720834071,12.280241875722488,5.2737557774322426,2.018545405944323,4.918078893226497,5.616390318760477,5.948968169616801,4.859102199940239,3.25,4.859102199940237,5.948968169616805,5.616390318760492,15.390495867768596,2.5515148695644583
0.0,0.0,0.0,0.0,0.0,-0.0,-0.0,-0.0,0.0,0.0,0.0,0.0,-0.0,0.0,0.0,0.0,-0.0,0.0,0.0,0.0,86.34483147253127,17.125983892207213,32.50133249677426,28.306237143507598,33.55118976638808,6.95086252172477,44.286138754483886,55.4865510456252,31.67975143905416,12.433293938970483,17.93076094511423,28.585714285714285,17.93076094511429,12.433293938970447,31.679751439054144,75.50413223140497,3.970573093359103
0.0,0.0,0.0,0.0,0.0,-0.0,-0.0,-0.0,0.0,0.0,0.0,0.0,-0.0,0.0,0.0,0.0,-0.0,0.0,0.0,0.0,92.58610643187617,33.45436135690371,21.655242222484425,43.78113891848861,32.14095279158829,10.31385597145894,17.980383751185624,32.61538172396578,43.45689512937526,42.583529165649374,29.041011511210968,17.025,29.041011511210954,42.58352916564941,43.456895129375305,94.90249433106577,3.653756706267228
0.0,0.0,0.0,0.0,0.0,-0.0,-0.0,-0.0,0.0,0.0,0.0,0.0,-0.0,0.0,0.0,0.0,-0.0,0.0,0.0,0.0,33.60916130659405,17.981760339641834,15.649939866378073,23.52829413705973,23.054992233199304,15.93520081454889,10.018736737368778,12.309777617812596,17.33899167133859,18.57868523571257,13.309358496252099,6.825,13.30935849625209,18.578685235712573,17.33899167133861,25.74750000000001,3.0393538705802365
0.0,0.0,0.0,0.0,0.0,-0.0,-0.0,-0.0,0.0,0.0,0.0,0.0,-0.0,0.0,0.0,0.0,-0.0,0.0,0.0,0.0,33.65898890011343,10.604186036628667,20.406804818954207,18.94147269235162,10.470578495039655,26.498398103297053,29.908728967380984,18.11414488453593,19.120847441393042,27.47978503262616,21.31188314881716,9.328571428571431,21.31188314881715,27.479785032626143,19.12084744139303,41.0475,2.921928093300398
2.0,2.0,130048.0,130048.0,4.0,-2.772588722239781,-5.545177444479562,-1.3862943611198906,2.0,0.9843903789369322,0.0,2.0,-1.3862943611198906,0.0,2.0,2.0,-1.3862943611198906,520200.0,4048569.25,512144010.125,49.71566737161247,30.346253205489493,14.02071986518067,9.61913602033872,12.815919308779964,14.54685914935287,9.059702207972412,3.6094013046179514,8.562026824941437,11.283932763471274,18.324961220877515,22.666666666666668,18.324961220877544,11.283932763471304,8.562026824941436,40.11555555555556,3.323231427210656
0.0,0.0,0.0,0.0,0.0,-0.0,-0.0,-0.0,0.0,0.0,0.0,0.0,-0.0,0.0,0.0,0.0,-0.0,0.0,0.0,0.0,48.29283838497786,6.823634447037559,30.882419675904966,43.28871821849197,29.07065155253928,4.552540499545272,12.982340520380442,15.66806066493232,9.639886148771609,6.763080875843715,10.966326351433304,13.225,10.966326351433311,6.763080875843655,9.639886148771607,91.74149659863944,3.403989444609758
0.0,0.0,0.0,0.0,0.0,-0.0,-0.0,-0.0,0.0,0.0,0.0,0.0,-0.0,0.0,0.0,0.0,-0.0,0.0,0.0,0.0,37.150912139709455,23.973931021139435,12.378881920357511,7.817288532477238,12.44203831450621,22.991520175925732,30.399428850402185,31.233155460183646,28.435598857802272,25.398240714538648,21.51557889849312,18.9,21.515578898493118,25.398240714538645,28.435598857802276,42.752834467120195,2.393547495384743
0.0,0.0,0.0,0.0,0.0,-0.0,-0.0,-0.0,0.0,0.0,0.0,0.0,-0.0,0.0,0.0,0.0,-0.0,0.0,0.0,0.0,137.62066759387773,38.51835429107745,16.57608202959944,21.02533349381353,24.698375673635358,22.040717319421432,79.4072155776455,91.30512884437529,73.32550353231012,53.97864625189996,62.02257299011219,83.71904761904761,62.02257299011218,53.97864625190005,73.3255035323101,104.70454545454545,3.754441843549303
0.0,0.0,0.0,0.0,0.0,-0.0,-0.0,-0.0,0.0,0.0,0.0,0.0,-0.0,0.0,0.0,0.0,-0.0,0.0,0.0,0.0,89.70665585391994,9.430127019761109,39.95090673454888,29.03247224134459,5.717082098016435,19.723533602723826,35.8766900058668,49.861987302731706,26.479437430635386,17.68355902941284,31.6633083098554,20.46666666666667,31.66330830985546,17.683559029412894,26.47943743063532,66.5185185185185,3.884155092143223
5.0,5.0,325120.0,325120.0,25.0,-16.094379124341003,-80.47189562170502,-8.047189562170502,5.0,0.9611835629920964,0.0,5.0,-8.047189562170502,0.0,5.0,5.0,-8.047189562170502,20808000.0,625000.0,31250000.0,23.34792556264686,13.376243440683583,7.2025397133989175,16.69393602479656,24.001282252325826,24.875942193211497,19.838433664082213,12.447389284504586,10.665290510666425,15.959358114146376,20.60338253591144,22.25,20.603382535911443,15.959358114146395,10.665290510666434,51.38775510204082,2.8073549210477173
0.0,0.0,0.0,0.0,0.0,-0.0,-0.0,-0.0,0.0,0.0,0.0,0.0,-0.0,0.0,0.0,0.0,-0.0,0.0,0.0,0.0,46.74945165359221,15.795436790483372,11.172756757461281,7.426024059571412,20.609670669980165,17.25161023080328,12.629114143781925,18.5294435366467,18.231994338242686,17.52113831087912,19.498921588871358,22.25,19.498921588871372,17.52113831087912,18.23199433824267,30.19082840236687,3.295465677160519
1.0,1.0,65024.0,65024.0,1.0,-0.0,-0.0,-0.0,1.0,0.9921874999998475,0.0,1.0,-0.0,0.0,1.0,1.0,-0.0,0.0,16387064.0,4162314256.0,25.228905322997694,14.188095912116603,13.850857308247253,16.604517457607727,11.835066993553461,4.148493702538301,4.242249343599348,6.6565756962570575,12.520932546203296,17.49050983786865,17.107800734403313,15.1,17.10780073440331,17.490509837868675,12.52093254620331,27.678004535147394,2.3935474953847424
0.0,0.0,0.0,0.0,0.0,-0.0,-0.0,-0.0,0.0,0.0,0.0,0.0,-0.0,0.0,0.0,0.0,-0.0,0.0,0.0,0.0,113.59767665415659,41.126574788848394,25.448193878339424,50.61206007465017,45.43353829701957,39.01128843040174,36.09594237231993,41.21687306189058,43.006402759710625,24.325215233112715,22.32413270084869,35.425,22.32413270084871,24.325215233112772,43.0064027597106,90.76190476190476,3.9754180154612513
0.0,0.0,0.0,0.0,0.0,-0.0,-0.0,-0.0,0.0,0.0,0.0,0.0,-0.0,0.0,0.0,0.0,-0.0,0.0,0.0,0.0,42.722951910593494,27.107156606874955,12.03695403606675,6.967914805355596,5.6307371813493825,3.1682094344294978,4.998558023478993,12.7831521774497,23.082175798100806,29.92213738335408,30.555480229179874,29.25714285714286,30.555480229179874,29.922137383354105,23.082175798100813,33.8875,2.5954618429398963
1.0,1.0,65024.0,65024.0,1.0,-0.0,-0.0,-0.0,1.0,0.9921874999998475,0.0,1.0,-0.0,0.0,1.0,1.0,-0.0,0.0,16387064.0,4162314256.0,105.49025585634013,31.556017470363205,50.48334721855135,54.91714782287949,15.290264029905325,25.649183710208018,30.20338728750421,16.008376713458524,20.88523171073721,4.824832785717211,29.846132774962776,47.075,29.846132774962804,4.824832785717201,20.885231710737187,61.759637188208615,3.8208888491861464
0.0,0.0,0.0,0.0,0.0,-0.0,-0.0,-0.0,0.0,0.0,0.0,0.0,-0.0,0.0,0.0,0.0,-0.0,0.0,0.0,0.0,21.97068301078673,9.639662316489149,12.276363095703783,8.819171036881961,5.23096639096347,16.465452046971304,16.501368071566763,6.359594676112962,8.456543700866447,13.612462402015348,9.699246097880991,1.333333333333334,9.699246097880998,13.612462402015343,8.456543700866442,14.115555555555554,2.422579760976874
0.0,0.0,0.0,0.0,0.0,-0.0,-0.0,-0.0,0.0,0.0,0.0,0.0,-0.0,0.0,0.0,0.0,-0.0,0.0,0.0,0.0,44.92036849735749,29.06278569409396,26.318579025184558,13.46436992100314,16.679506517297387,13.66185932539044,2.307533770581322,16.084707917714443,21.994727906739136,19.47353888547505,26.54244072219843,34.773809523809526,26.542440722198435,19.473538885475104,21.99472790673911,39.51473922902493,2.963745992620367
0.0,0.0,0.0,0.0,0.0,-0.0,-0.0,-0.0,0.0,0.0,0.0,0.0,-0.0,0.0,0.0,0.0,-0.0,0.0,0.0,0.0,116.89504487301261,27.750931347743602,31.19300687710966,23.05730807753393,18.710603810300395,37.923541650772464,20.82213204713778,15.83510552201739,15.686076989068749,15.684072102704743,18.524493030298153,2.8571428571428594,18.524493030298093,15.68407210270484,15.686076989068685,92.30102040816327,4.03914866930622
0.0,0.0,0.0,0.0,0.0,-0.0,-0.0,-0.0,0.0,0.0,0.0,0.0,-0.0,0.0,0.0,0.0,-0.0,0.0,0.0,0.0,24.81854187742912,10.80142493462538,13.823206532558803,6.974238309665072,10.048087229429935,14.934523762075559,12.350360616524348,8.428523002282203,2.792662020048842,14.135388900969565,14.815684754673619,6.8,14.81568475467361,14.13538890096958,2.792662020048864,17.747500000000002,3.028212944398306
1.0,1.0,65024.0,65024.0,1.0,-0.0,-0.0,-0.0,1.0,0.9921874999998475,0.0,1.0,-0.0,0.0,1.0,1.0,-0.0,0.0,16387064.0,4162314256.0,37.150912139709455,23.973931021139435,12.378881920357511,7.817288532477238,12.44203831450621,22.991520175925732,30.399428850402185,31.233155460183646,28.435598857802272,25.398240714538648,21.51557889849312,18.9,21.515578898493118,25.398240714538645,28.435598857802276,42.752834467120195,2.393547495384743
1.0,1.0,65024.0,65024.0,1.0,-0.0,-0.0,-0.0,1.0,0.9921874999998475,0.0,1.0,-0.0,0.0,1.0,1.0,-0.0,0.0,16387064.0,4162314256.0,139.67944354500716,45.70634792656195,33.821951605504495,51.04491486263182,17.053732409931353,33.1264412684356,45.37993246562715,32.24257020358855,24.007360691518862,10.148168050028536,17.03057681989335,30.5,17.03057681989335,10.148168050028607,24.00736069151886,57.70934256055363,3.7345216627599784
0.0,0.0,0.0,0.0,0.0,-0.0,-0.0,-0.0,0.0,0.0,0.0,0.0,-0.0,0.0,0.0,0.0,-0.0,0.0,0.0,0.0,42.722951910593494,27.107156606874955,12.03695403606675,6.967914805355596,5.6307371813493825,3.1682094344294978,4.998558023478993,12.7831521774497,23.082175798100806,29.92213738335408,30.555480229179874,29.25714285714286,30.555480229179874,29.922137383354105,23.082175798100813,33.8875,2.5954618429398963
0.0,0.0,0.0,0.0,0.0,-0.0,-0.0,-0.0,0.0,0.0,0.0,0.0,-0.0,0.0,0.0,0.0,-0.0,0.0,0.0,0.0,29.684037885398347,15.825729817589265,20.977316644767534,24.941732097029664,16.1268545368276,3.080584360149871,6.862631305343212,3.7,8.621611588627632,17.219938319885642,17.39099620876164,14.3,17.390996208761635,17.21993831988567,8.621611588627646,45.86848072562358,2.334256424059194
1.0,1.0,65024.0,65024.0,1.0,-0.0,-0.0,-0.0,1.0,0.9921874999998475,0.0,1.0,-0.0,0.0,1.0,1.0,-0.0,0.0,16387064.0,4162314256.0,96.75371527357903,47.90362430520003,6.503608791466282,24.196900627973,16.616182885442864,17.39223964876291,34.61591642779836,38.20065444465577,37.86664855367526,40.816942296382926,35.72561233821461,28.3,35.725612338214596,40.816942296382926,37.86664855367531,109.7732426303855,3.725650753948051
0.0,0.0,0.0,0.0,0.0,-0.0,-0.0,-0.0,0.0,0.0,0.0,0.0,-0.0,0.0,0.0,0.0,-0.0,0.0,0.0,0.0,37.45685706105122,7.834543420955654,18.986744779198208,26.940257979462626,17.73817884325256,3.5003571246374383,7.198735778686764,15.554018773294574,20.455036609343626,18.518232350447512,14.329308204565208,13.55,14.329308204565205,18.518232350447523,20.455036609343633,20.997732426303855,3.3680424206972117
0.0,0.0,0.0,0.0,0.0,-0.0,-0.0,-0.0,0.0,0.0,0.0,0.0,-0.0,0.0,0.0,0.0,-0.0,0.0,0.0,0.0,61.88872116040207,23.180306851265644,9.22351884660763,17.642296477499745,13.525263208363542,17.784842563261563,13.545647831440974,1.775000000000018,2.815661571686814,11.017015216526117,32.74555501287259,43.225,32.745555012872614,11.017015216526127,2.8156615716867948,60.56235827664399,3.4225779934461005
0.0,0.0,0.0,0.0,0.0,-0.0,-0.0,-0.0,0.0,0.0,0.0,0.0,-0.0,0.0,0.0,0.0,-0.0,0.0,0.0,0.0,21.356333138854204,8.296294367721504,9.969584082697235,12.063006360314146,13.778627108604674,16.305182599156527,12.93064105195597,11.957142857142859,16.04937678724151,13.395234827752834,5.62184986738405,0.757142857142858,5.621849867384042,13.395234827752827,16.049376787241503,26.9475,2.4609640461452558
0.0,0.0,0.0,0.0,0.0,-0.0,-0.0,-0.0,0.0,0.0,0.0,0.0,-0.0,0.0,0.0,0.0,-0.0,0.0,0.0,0.0,26.316372894948362,9.793952571849617,6.103484686385441,10.641898326896378,5.815327031518519,8.01560977094071,10.585792227396702,5.8949130612757985,11.672509356734682,18.277814229835037,14.197587544681847,4.5,14.197587544681818,18.277814229835037,11.672509356734675,31.49888888888888,2.573557260543951
0.0,0.0,0.0,0.0,0.0,-0.0,-0.0,-0.0,0.0,0.0,0.0,0.0,-0.0,0.0,0.0,0.0,-0.0,0.0,0.0,0.0,43.05298872087868,24.44436085627555,15.100387396478746,22.326889617678482,24.233734672716132,21.031880562612542,19.088972566655617,22.480880765663976,28.751666046966122,30.658656564307968,24.497701777141415,18.2,24.49770177714141,30.65865656430799,28.75166604696613,57.29958677685951,2.322179344218241
0.0,0.0,0.0,0.0,0.0,-0.0,-0.0,-0.0,0.0,0.0,0.0,0.0,-0.0,0.0,0.0,0.0,-0.0,0.0,0.0,0.0,79.21469372610981,18.039858651818957,26.851929584044974,50.90406342787764,57.14129388296417,30.381304670296668,9.735665080288804,21.61139155394572,25.000424487441602,34.248411698997494,28.476843861208017,21.77142857142857,28.47684386120802,34.24841169899746,25.000424487441663,78.9875,3.7841837176151465
1.0,1.0,65024.0,65024.0,1.0,-0.0,-0.0,-0.0,1.0,0.9921874999998475,0.0,1.0,-0.0,0.0,1.0,1.0,-0.0,0.0,16387064.0,4162314256.0,28.17280870572861,15.226600691104755,5.8456635495423654,3.9000000000000066,3.7533238419398787,14.676852523616905,21.861799271809954,22.307173734025554,19.597148202367396,17.383055870405773,13.487295591297663,9.9,13.487295591297661,17.38305587040577,19.597148202367404,30.222222222222232,2.393547495384743
0.0,0.0,0.0,0.0,0.0,-0.0,-0.0,-0.0,0.0,0.0,0.0,0.0,-0.0,0.0,0.0,0.0,-0.0,0.0,0.0,0.0,27.895378076727734,18.54257923821831,20.420443591871464,24.383972707497847,20.488901809119906,11.500679327761466,4.754789526910991,9.16259379215296,15.95420739213312,18.78041546916349,14.78199110970637,9.625,14.781991109706366,18.78041546916349,15.954207392133123,51.569160997732425,2.5802341923817824
0.0,0.0,0.0,0.0,0.0,-0.0,-0.0,-0.0,0.0,0.0,0.0,0.0,-0.0,0.0,0.0,0.0,-0.0,0.0,0.0,0.0,46.234325258925686,6.291620433647091,15.538999812205864,4.901119775795051,16.693922146066036,19.9552361862035,2.908858396489053,16.841615797652445,21.71263636242241,13.773001040818562,3.877739032370568,0.40476190476190554,3.87773903237056,13.773001040818484,21.712636362422412,29.212620027434838,2.9471602668332073
1.0,1.0,65024.0,65024.0,1.0,-0.0,-0.0,-0.0,1.0,0.9921874999998475,0.0,1.0,-0.0,0.0,1.0,1.0,-0.0,0.0,16387064.0,4162314256.0,90.5241521694945,62.91261468235145,27.53619964115371,5.162166132901369,23.1840416094381,25.55116914933559,18.042939486851893,22.55639191729326,37.630488007596576,47.58464912340239,50.18317279211343,49.92857142857143,50.183172792113375,47.584649123402386,37.630488007596725,103.5763888888889,3.4182958324675248
0.0,0.0,0.0,0.0,0.0,-0.0,-0.0,-0.0,0.0,0.0,0.0,0.0,-0.0,0.0,0.0,0.0,-0.0,0.0,0.0,0.0,94.26693695204072,26.541224656492027,25.60024319502946,19.974115193864716,10.509483602715246,18.793652888379352,1.145265341689541,22.411399629057787,23.89624083685813,23.44069477450275,21.11372243203265,1.9166666666666696,21.113722432032677,23.440694774502713,23.896240836858134,81.52423469387756,3.8248629553090447
0.0,0.0,0.0,0.0,0.0,-0.0,-0.0,-0.0,0.0,0.0,0.0,0.0,-0.0,0.0,0.0,0.0,-0.0,0.0,0.0,0.0,75.32361929899972,36.304815652192744,11.954475268592843,7.767900474245121,26.732321752495803,30.58742025372157,13.185724483404917,15.386908215897188,22.336914363331893,12.97655254741631,1.0326972995886066,5.083333333333334,1.032697299588589,12.976552547416322,22.33691436333191,31.667590027700832,3.471354485282695
0.0,0.0,0.0,0.0,0.0,-0.0,-0.0,-0.0,0.0,0.0,0.0,0.0,-0.0,0.0,0.0,0.0,-0.0,0.0,0.0,0.0,29.113200693505682,19.294422499475736,15.882766692167545,12.647836881371376,14.398033521565022,18.859156337911244,18.86727619171221,22.59574689577175,25.547471063839723,18.52190098146734,6.246212957329502,1.9666666666666677,6.24621295732949,18.52190098146731,25.547471063839726,30.09876543209877,2.572431250023694
0.0,0.0,0.0,0.0,0.0,-0.0,-0.0,-0.0,0.0,0.0,0.0,0.0,-0.0,0.0,0.0,0.0,-0.0,0.0,0.0,0.0,72.02557844698305,5.620385201280961,22.52708326834861,14.003213916812099,35.150874204172894,14.383671297690348,30.035426182392186,46.905116991645976,24.476734247462264,10.871580850512172,28.223487844381875,33.7,28.223487844381935,10.871580850512194,24.476734247462236,85.1590909090909,3.69784582092037
0.0,0.0,0.0,0.0,0.0,-0.0,-0.0,-0.0,0.0,0.0,0.0,0.0,-0.0,0.0,0.0,0.0,-0.0,0.0,0.0,0.0,20.891635831502022,9.880540045671241,4.781647150076006,10.662759701148882,10.60755600363834,5.8713049846028555,1.7610156992693438,5.619905100029142,8.930115432808291,10.015955912958665,8.193921762057915,6.166666666666666,8.193921762057913,10.015955912958647,8.9301154328083,19.84555555555556,2.2988320673851823
0.0,0.0,0.0,0.0,0.0,-0.0,-0.0,-0.0,0.0,0.0,0.0,0.0,-0.0,0.0,0.0,0.0,-0.0,0.0,0.0,0.0,94.81451880601747,37.36206234554712,24.82068100627245,33.10882728887334,12.791663864691992,11.86615167421838,21.737010982800374,19.367068268928364,21.761086955756134,27.652981907898493,25.5989244874063,20.833333333333336,25.598924487406272,27.652981907898447,21.76108695575618,66.02749999999999,3.7841837176151465
1.0,1.0,65024.0,65024.0,1.0,-0.0,-0.0,-0.0,1.0,0.9921874999998475,0.0,1.0,-0.0,0.0,1.0,1.0,-0.0,0.0,16387064.0,4162314256.0,41.71426954484563,15.446358607038931,13.201993679504897,31.078016748177472,32.36760355516058,20.50806243895311,4.891375447331247,9.242192651097465,14.770531909390165,14.013252862299804,8.78378635152094,3.3249999999999993,8.783786351520932,14.013252862299835,14.770531909390147,92.90249433106575,3.4632805157910376
1.0,1.0,65024.0,65024.0,1.0,-0.0,-0.0,-0.0,1.0,0.9921874999998475,0.0,1.0,-0.0,0.0,1.0,1.0,-0.0,0.0,16387064.0,4162314256.0,87.67191185816972,36.74626443124681,22.501633770313678,31.15061975484776,24.745423617539842,23.525399984791896,16.387582437660864,32.27012722489819,51.70008413812197,47.88633353304238,26.40438348863944,8.666666666666666,26.404383488639425,47.886333533042375,51.70008413812198,101.24489795918369,2.753434385034629
1.0,1.0,65024.0,65024.0,1.0,-0.0,-0.0,-0.0,1.0,0.9921874999998475,0.0,1.0,-0.0,0.0,1.0,1.0,-0.0,0.0,16387064.0,4162314256.0,42.06102777561648,16.77875516080245,8.456768742870077,8.351646544245042,7.752923148133117,21.552262062252307,28.427776937797507,27.91504970441572,24.40252164079803,21.058807545866546,17.45347024212629,15.0,17.453470242126293,21.058807545866486,24.40252164079805,43.95247933884297,2.8899168437330234
0.0,0.0,0.0,0.0,0.0,-0.0,-0.0,-0.0,0.0,0.0,0.0,0.0,-0.0,0.0,0.0,0.0,-0.0,0.0,0.0,0.0,33.87043570967908,3.7616954252832433,17.567977059280885,18.15129162773553,16.83531922249609,15.603505623900759,7.623076281148958,21.07905431019724,24.378370691143104,10.208672512436578,9.797398297634182,18.57142857142857,9.797398297634198,10.208672512436529,24.37837069114309,16.33984375,2.9999999987015746
0.0,0.0,0.0,0.0,0.0,-0.0,-0.0,-0.0,0.0,0.0,0.0,0.0,-0.0,0.0,0.0,0.0,-0.0,0.0,0.0,0.0,22.47402637520793,13.028814220795384,9.64340012672195,13.028814220795383,15.535994102881737,11.500000000000009,9.323508270942666,13.919410907075035,13.546395609014949,13.028814220795386,13.023947913107826,11.5,13.023947913107827,13.028814220795395,13.546395609014946,20.04,2.657717467687453
0.0,0.0,0.0,0.0,0.0,-0.0,-0.0,-0.0,0.0,0.0,0.0,0.0,-0.0,0.0,0.0,0.0,-0.0,0.0,0.0,0.0,175.72097482740156,90.68000175682438,82.75817162471276,97.00434698163447,45.30261546822271,48.780164456922755,19.495631537440218,75.51680460518546,23.991770033380256,69.4762273750612,57.707645840065624,26.4,57.70764584006562,69.47622737506136,23.991770033380188,718.6342455621301,4.621483629565963
0.0,0.0,0.0,0.0,0.0,-0.0,-0.0,-0.0,0.0,0.0,0.0,0.0,-0.0,0.0,0.0,0.0,-0.0,0.0,0.0,0.0,202.83983006724074,19.92268788595431,95.41980251918534,62.37656173394787,44.2877495662292,91.31336475904878,42.74658191035155,58.80839604249518,90.38035757024063,65.84854433865789,39.69151060460342,35.341341991341984,39.69151060460318,65.848544338658,90.38035757024063,862.9572742022713,4.437210680593231
0.0,0.0,0.0,0.0,0.0,-0.0,-0.0,-0.0,0.0,0.0,0.0,0.0,-0.0,0.0,0.0,0.0,-0.0,0.0,0.0,0.0,277.8687535583166,64.08577962057993,108.87353865671882,61.044458854101734,56.15361562768076,33.44551724008464,30.183590616226507,1.1168877614177666,47.42133499241379,46.53696604256838,16.681495824090117,3.338888888888892,16.681495824090018,46.53696604256822,47.42133499241386,1507.6892301038058,4.891018034513056
0.0,0.0,0.0,0.0,0.0,-0.0,-0.0,-0.0,0.0,0.0,0.0,0.0,-0.0,0.0,0.0,0.0,-0.0,0.0,0.0,0.0,294.428634593147,30.222409886529665,83.58383036262886,53.728445659779375,40.44852669962467,10.879531010633428,41.740098965330674,107.61915939732903,120.28588938024897,23.387034405676985,48.71854939666108,26.880952380952372,48.718549396661224,23.387034405676747,120.28588938024889,1300.2770511296073,4.486125276309837
0.0,0.0,0.0,0.0,0.0,-0.0,-0.0,-0.0,0.0,0.0,0.0,0.0,-0.0,0.0,0.0,0.0,-0.0,0.0,0.0,0.0,115.91587173609355,29.62125873207687,58.54408648969772,32.43830801938498,97.52153451007271,91.01833013054613,19.045719894156154,74.82735272645549,80.4998493138708,74.51195641245299,49.25707879869124,1.277777777777775,49.25707879869117,74.51195641245319,80.4998493138709,811.9459459459459,3.094811314435308
0.0,0.0,0.0,0.0,0.0,-0.0,-0.0,-0.0,0.0,0.0,0.0,0.0,-0.0,0.0,0.0,0.0,-0.0,0.0,0.0,0.0,199.23634534097783,32.868330403749546,84.60300099322913,14.756589865021196,50.224521678314254,26.36614516972677,21.546527231829188,88.90190442904513,140.02524177465583,65.6872266529715,21.794773926152516,15.916666666666671,21.794773926152608,65.68722665297133,140.02524177465588,996.4961521050247,4.282792304710474
0.0,0.0,0.0,0.0,0.0,-0.0,-0.0,-0.0,0.0,0.0,0.0,0.0,-0.0,0.0,0.0,0.0,-0.0,0.0,0.0,0.0,220.0602566202495,57.78340669766605,77.25234622301637,44.876748028723746,63.8477831074137,80.25827987879198,55.642525421073884,105.66975156262745,95.79808183574887,44.3678233155519,46.45240893732865,43.675324675324674,46.452408937328286,44.367823315552045,95.79808183574887,896.6151100535398,4.069536505858695
0.0,0.0,0.0,0.0,0.0,-0.0,-0.0,-0.0,0.0,0.0,0.0,0.0,-0.0,0.0,0.0,0.0,-0.0,0.0,0.0,0.0,249.914291584752,42.10715689320882,117.6711251665741,24.50947662526562,65.04858515664232,23.15860771098119,54.78963516722947,35.56772881887918,50.667211310989615,67.64197090017115,22.333479555423107,15.233333333333343,22.333479555422983,67.641970900171,50.667211310989806,1473.640831758034,4.661070784761409
0.0,0.0,0.0,0.0,0.0,-0.0,-0.0,-0.0,0.0,0.0,0.0,0.0,-0.0,0.0,0.0,0.0,-0.0,0.0,0.0,0.0,202.1153488388344,13.440144181862024,62.29720716330322,14.94971922606804,29.38277284274872,38.55219685979045,53.91139986042524,100.34779165543917,141.12119130014995,57.10848021113049,36.60514881517705,55.62777777777778,36.605148815177174,57.10848021113039,141.12119130014986,851.63060208239,4.0894696174752045
0.0,0.0,0.0,0.0,0.0,-0.0,-0.0,-0.0,0.0,0.0,0.0,0.0,-0.0,0.0,0.0,0.0,-0.0,0.0,0.0,0.0,248.23030792408736,8.570584726633566,120.68929525238725,77.37962714778904,25.564722219084338,56.58715118304094,95.89227823949192,73.59882769631322,19.231595315929617,20.318827938678623,32.023439441147545,29.355555555555558,32.023439441147566,20.318827938678435,19.231595315929418,1267.6913580246915,4.444611802485257
0.0,0.0,0.0,0.0,0.0,-0.0,-0.0,-0.0,0.0,0.0,0.0,0.0,-0.0,0.0,0.0,0.0,-0.0,0.0,0.0,0.0,196.28919031934743,72.04608082642638,163.1511584638233,82.9911290440129,17.568161920082254,5.885575587824784,9.800914610583783,48.60069443948289,59.712892175077684,28.084110054478256,53.37757509779562,26.700000000000003,53.37757509779562,28.084110054478078,59.712892175077755,1275.2653061224487,4.391037708807573
0.0,0.0,0.0,0.0,0.0,-0.0,-0.0,-0.0,0.0,0.0,0.0,0.0,-0.0,0.0,0.0,0.0,-0.0,0.0,0.0,0.0,305.2911743677066,69.01215894898533,64.0316722091147,10.401976307948125,32.03543159634948,28.413206045389806,30.237670370768527,125.4811849552662,146.740999946217,47.7868615774481,101.82132465775466,127.78333333333333,101.82132465775425,47.786861577448185,146.7409999462168,1281.076388888889,4.528107163890456
0.0,0.0,0.0,0.0,0.0,-0.0,-0.0,-0.0,0.0,0.0,0.0,0.0,-0.0,0.0,0.0,0.0,-0.0,0.0,0.0,0.0,228.97971223795582,44.41801714565526,122.16692140042328,17.72950129161505,55.852691969034204,25.617955821919622,66.24695997614918,80.13545265115141,114.04016043519954,57.37623556115601,18.327708446685325,32.77222222222222,18.3277084466854,57.37623556115595,114.04016043519958,1309.0869082840238,4.4061518498935754
0.0,0.0,0.0,0.0,0.0,-0.0,-0.0,-0.0,0.0,0.0,0.0,0.0,-0.0,0.0,0.0,0.0,-0.0,0.0,0.0,0.0,230.31924010584328,23.140694569679653,47.510569140454464,58.72607373314785,81.97580434759669,38.588485077229436,45.849834970912575,98.06043523426408,132.0399744309575,64.52603311282398,62.07932420696756,70.45833333333333,62.07932420696763,64.52603311282373,132.03997443095753,825.3858471074382,4.369109604346908
0.0,0.0,0.0,0.0,0.0,-0.0,-0.0,-0.0,0.0,0.0,0.0,0.0,-0.0,0.0,0.0,0.0,-0.0,0.0,0.0,0.0,279.67533463450064,37.486297265692045,116.05431991714204,43.184077537723,46.48074349410649,47.729978653964345,33.45515952468518,64.73856665930684,89.16387619286024,47.96315835497359,30.734461690882185,2.4150793650793716,30.734461690882288,47.96315835497332,89.16387619286039,1289.2112382934445,4.518766574313698
0.0,0.0,0.0,0.0,0.0,-0.0,-0.0,-0.0,0.0,0.0,0.0,0.0,-0.0,0.0,0.0,0.0,-0.0,0.0,0.0,0.0,175.70691111855234,101.80671030045559,40.65757506020734,59.311235900810864,65.03785250617148,45.74754649381855,38.77565565447092,54.17956021322025,68.86992218712275,78.91359497889431,83.33556766952518,83.96428571428571,83.335567669525,78.91359497889448,68.86992218712284,1206.3973703433167,4.1477178887842046
0.0,0.0,0.0,0.0,0.0,-0.0,-0.0,-0.0,0.0,0.0,0.0,0.0,-0.0,0.0,0.0,0.0,-0.0,0.0,0.0,0.0,249.26256306552236,30.188087748760516,111.29099249158129,21.888973088227367,16.4591224156226,75.18991600864922,84.01004647655793,83.677816288282,146.4853447097308,77.25594205343003,58.42081989826871,73.55714285714286,58.42081989826875,77.2559420534299,146.4853447097308,1305.519484009675,4.582511826962289
0.0,0.0,0.0,0.0,0.0,-0.0,-0.0,-0.0,0.0,0.0,0.0,0.0,-0.0,0.0,0.0,0.0,-0.0,0.0,0.0,0.0,310.40011220904057,78.17056283698334,49.75948393578431,6.181850675790981,25.30381973450554,33.58777886209326,41.79009287190908,83.78821681941766,97.56348009031522,62.43542704421666,154.72239537203504,192.33333333333331,154.72239537203515,62.43542704421659,97.56348009031521,1754.8493749999998,4.220584395866829
0.0,0.0,0.0,0.0,0.0,-0.0,-0.0,-0.0,0.0,0.0,0.0,0.0,-0.0,0.0,0.0,0.0,-0.0,0.0,0.0,0.0,213.1453731380442,46.55660678142695,109.05427925368319,32.767589753773485,50.68234983536585,38.768984994849575,17.09421587270879,12.079280290881696,40.59250041620906,40.21685224511943,24.93680551314802,41.477777777777774,24.93680551314797,40.21685224511935,40.59250041620927,1265.0189919649376,4.495096831315142
0.0,0.0,0.0,0.0,0.0,-0.0,-0.0,-0.0,0.0,0.0,0.0,0.0,-0.0,0.0,0.0,0.0,-0.0,0.0,0.0,0.0,207.44755972557266,30.568255513375462,94.3756302614384,17.659589777543225,26.343635269690214,38.26969355043802,56.42138007761409,113.70441699619415,127.68011840133352,19.195589174544235,58.383175309881594,24.333333333333332,58.38317530988168,19.19558917454405,127.68011840133342,1092.0434782608695,4.010181705925033
0.0,0.0,0.0,0.0,0.0,-0.0,-0.0,-0.0,0.0,0.0,0.0,0.0,-0.0,0.0,0.0,0.0,-0.0,0.0,0.0,0.0,248.10729570394486,40.647215510706296,110.43626698693876,41.05462974448538,67.18291670371168,31.179996159297616,63.81891278203818,61.98311174808246,124.34072243226386,61.851555023948485,63.44283937754243,72.58888888888889,63.44283937754252,61.85155502394835,124.34072243226387,1418.9822222222222,4.605926316898651
0.0,0.0,0.0,0.0,0.0,-0.0,-0.0,-0.0,0.0,0.0,0.0,0.0,-0.0,0.0,0.0,0.0,-0.0,0.0,0.0,0.0,214.79076394746883,37.68814203980487,86.53358374564834,16.36032716245885,36.134580459673096,43.554118413631116,38.19504083184026,83.81529824683896,133.00627137101097,64.75287747524011,54.369107893830034,68.81746031746032,54.36910789383008,64.7528774752399,133.006271371011,1007.382526029878,4.10553105354718
0.0,0.0,0.0,0.0,0.0,-0.0,-0.0,-0.0,0.0,0.0,0.0,0.0,-0.0,0.0,0.0,0.0,-0.0,0.0,0.0,0.0,195.49818615892403,46.84930957400834,93.14308836257418,22.545037914536646,30.478196046994398,88.65905634285164,71.59570471730693,117.42559911348317,182.69190155217842,72.13160319924312,34.31946161090178,17.68888888888889,34.31946161090165,72.13160319924292,182.69190155217834,1039.9130434782608,4.119141105479115
0.0,0.0,0.0,0.0,0.0,-0.0,-0.0,-0.0,0.0,0.0,0.0,0.0,-0.0,0.0,0.0,0.0,-0.0,0.0,0.0,0.0,216.7945542217116,34.65742949612278,111.52520430136542,51.47171620846187,42.0670153662314,46.03107721360041,63.5636065700014,69.06451744162429,107.42322348741747,52.50531134666442,20.915202020981603,36.00833333333334,20.915202020981685,52.505311346664335,107.4232234874174,969.6523313716615,4.457492617219385
0.0,0.0,0.0,0.0,0.0,-0.0,-0.0,-0.0,0.0,0.0,0.0,0.0,-0.0,0.0,0.0,0.0,-0.0,0.0,0.0,0.0,202.5854878141005,39.87631757046205,85.50718010817748,13.566793509057733,44.16979750432878,47.68898997068709,46.02480764525753,84.87745416034647,141.44276082164552,63.21654093740383,36.38226449532361,35.63492063492063,36.38226449532329,63.21654093740371,141.44276082164546,1154.9533725667723,4.1745760001653895
0.0,0.0,0.0,0.0,0.0,-0.0,-0.0,-0.0,0.0,0.0,0.0,0.0,-0.0,0.0,0.0,0.0,-0.0,0.0,0.0,0.0,196.32910856797287,27.556871726514185,61.62031764617149,45.042649542159346,3.805375989999848,32.290456966588515,13.748464974134402,16.612202676880987,12.614159057998396,28.785257387605068,25.70974648739198,0.5833333333333321,25.709746487392042,28.785257387604915,12.614159057998297,1178.2383698577469,4.01056479896238
0.0,0.0,0.0,0.0,0.0,-0.0,-0.0,-0.0,0.0,0.0,0.0,0.0,-0.0,0.0,0.0,0.0,-0.0,0.0,0.0,0.0,213.63519200792328,33.87243618941946,88.22046375382257,6.348051730332361,38.69922603695376,48.694617940040516,56.672709878371926,80.99342359434408,136.0851349244146,64.8464426766666,51.00770050708224,68.76190476190476,51.00770050708229,64.84644267666641,136.08513492441463,1020.105930285197,4.2988537409267185
0.0,0.0,0.0,0.0,0.0,-0.0,-0.0,-0.0,0.0,0.0,0.0,0.0,-0.0,0.0,0.0,0.0,-0.0,0.0,0.0,0.0,289.96180576348223,122.79693369673468,97.2250643146728,71.6689166313481,20.53427210362322,78.18017829205654,12.15732500679742,70.818902451566,44.01326418891637,71.82105283435547,56.927984571255834,9.716666666666669,56.92798457125549,71.82105283435577,44.01326418891634,1630.7363888888888,4.311031744196125
0.0,0.0,0.0,0.0,0.0,-0.0,-0.0,-0.0,0.0,0.0,0.0,0.0,-0.0,0.0,0.0,0.0,-0.0,0.0,0.0,0.0,201.65073814160752,35.43215664757458,93.82881694933178,16.087314801757987,61.31874800954239,43.91409262257611,58.60289990863696,51.21275370428044,125.92333802955719,87.5361773041874,43.037878351749065,68.55555555555556,43.03787835174903,87.53617730418735,125.9233380295572,1022.1524000000001,4.3132696854755626
0.0,0.0,0.0,0.0,0.0,-0.0,-0.0,-0.0,0.0,0.0,0.0,0.0,-0.0,0.0,0.0,0.0,-0.0,0.0,0.0,0.0,200.57528579164207,23.765563466891727,69.19622722170546,35.17872917134875,46.39619683154052,45.40926009943087,55.032614595630214,103.76535462014475,158.94400673561447,70.61918860095103,29.317047220289247,24.85833333333334,29.317047220289407,70.61918860095098,158.94400673561438,889.8294270833334,4.141150644559078
0.0,0.0,0.0,0.0,0.0,-0.0,-0.0,-0.0,0.0,0.0,0.0,0.0,-0.0,0.0,0.0,0.0,-0.0,0.0,0.0,0.0,191.95194418633181,28.792166851044207,82.72708725910053,10.7576555428113,56.136555435591475,29.63595906064866,14.249981413375089,75.04114750884622,117.65504312401612,49.446220956818586,22.31169142871862,14.941666666666674,22.311691428718753,49.4462209568184,117.65504312401613,878.4513580246914,4.139395229367783
0.0,0.0,0.0,0.0,0.0,-0.0,-0.0,-0.0,0.0,0.0,0.0,0.0,-0.0,0.0,0.0,0.0,-0.0,0.0,0.0,0.0,201.30791093623407,37.365244387244346,84.2965622117635,27.184431923479043,65.69888453545451,47.981573903326215,61.47351091101816,74.27919022786266,142.20313301466894,81.19166887463238,20.49391306721088,34.86904761904762,20.49391306721091,81.1916688746323,142.20313301466896,1051.036234902124,4.394823359974525
0.0,0.0,0.0,0.0,0.0,-0.0,-0.0,-0.0,0.0,0.0,0.0,0.0,-0.0,0.0,0.0,0.0,-0.0,0.0,0.0,0.0,256.6185960895743,33.992948799471264,73.04494995119146,50.90245846496788,45.89375219840251,48.243367419781016,11.386244528588891,33.57281059296528,65.58245241225502,37.03760834498525,30.558446316170805,21.88333333333334,30.55844631617072,37.037608344985294,65.58245241225497,1236.3182517697753,4.743316037878391
0.0,0.0,0.0,0.0,0.0,-0.0,-0.0,-0.0,0.0,0.0,0.0,0.0,-0.0,0.0,0.0,0.0,-0.0,0.0,0.0,0.0,327.0622221139198,40.06448590629744,123.21403580084025,80.89632425381144,60.55538218609084,74.16619850039508,55.19573827773565,45.55376859638896,83.82585283724524,67.12987637704572,96.35208080068453,134.33333333333334,96.35208080068458,67.12987637704559,83.82585283724548,1521.89,3.9393538684161937
0.0,0.0,0.0,0.0,0.0,-0.0,-0.0,-0.0,0.0,0.0,0.0,0.0,-0.0,0.0,0.0,0.0,-0.0,0.0,0.0,0.0,216.32882638305398,9.623085701434153,82.3423807294335,36.43622705461292,19.411835435362935,46.0773397080158,56.262545487756896,41.9263389915524,83.91206149418612,51.12799647993259,40.794798926526994,59.24444444444444,40.79479892652697,51.127996479932314,83.91206149418635,1305.940612244898,4.2883918245786194
0.0,0.0,0.0,0.0,0.0,-0.0,-0.0,-0.0,0.0,0.0,0.0,0.0,-0.0,0.0,0.0,0.0,-0.0,0.0,0.0,0.0,197.70842526728453,30.67538900115097,80.89714917355582,23.19066869481065,66.62715995235962,34.24224468199591,29.991626888058033,78.90235056090692,129.21063617399872,58.148310452620066,20.173315436546353,15.059523809523807,20.173315436546467,58.148310452619924,129.21063617399872,859.3312854442345,4.531138376777474
0.0,0.0,0.0,0.0,0.0,-0.0,-0.0,-0.0,0.0,0.0,0.0,0.0,-0.0,0.0,0.0,0.0,-0.0,0.0,0.0,0.0,213.44442760645052,49.0478656943727,103.71864315842558,29.497177098666867,49.00172043723372,29.276517472346953,72.7610025569274,118.65847402014779,134.67715777668957,33.25398454487414,50.92918373311048,39.761111111111106,50.92918373311056,33.253984544873994,134.67715777668948,1133.2519783423575,4.20939139454651
0.0,0.0,0.0,0.0,0.0,-0.0,-0.0,-0.0,0.0,0.0,0.0,0.0,-0.0,0.0,0.0,0.0,-0.0,0.0,0.0,0.0,192.58469123633105,37.67428121721983,101.648221217802,24.773333227053453,59.46881204643766,50.449678128860455,60.56483275053166,55.4903590179459,104.67329276127273,68.20356791704648,7.555800889187031,5.557936507936503,7.555800889186906,68.20356791704644,104.67329276127275,925.2694710537276,4.440243002899444
0.0,0.0,0.0,0.0,0.0,-0.0,-0.0,-0.0,0.0,0.0,0.0,0.0,-0.0,0.0,0.0,0.0,-0.0,0.0,0.0,0.0,190.5502727050322,80.6684400159819,122.62244574691363,33.789865533249746,56.510295069043984,16.201695080126406,14.470659912001738,39.0473958145476,86.07785472788838,54.690621324850035,5.440834125300449,5.428571428571431,5.440834125300416,54.690621324849914,86.07785472788846,1210.677656493651,4.477453932770349
0.0,0.0,0.0,0.0,0.0,-0.0,-0.0,-0.0,0.0,0.0,0.0,0.0,-0.0,0.0,0.0,0.0,-0.0,0.0,0.0,0.0,207.66493704486237,29.615455840471714,68.91012131037952,59.526904385151845,36.865449850846225,41.75582497991239,52.700073155837764,37.28270542029885,70.54094202643208,78.19070599346279,46.45363416848494,19.33888888888889,46.453634168484825,78.1907059934627,70.54094202643215,978.2237252861605,4.474796718177009
0.0,0.0,0.0,0.0,0.0,-0.0,-0.0,-0.0,0.0,0.0,0.0,0.0,-0.0,0.0,0.0,0.0,-0.0,0.0,0.0,0.0,278.167768638154,55.93625703122667,91.65159911786463,75.11568051468147,17.86678615398597,46.71176544097032,25.530699504175992,99.41199856749502,98.80479823697083,51.290854759787344,37.70553131215364,21.42142857142857,37.70553131215355,51.29085475978739,98.80479823697078,1608.9441015089167,4.097299072262137
0.0,0.0,0.0,0.0,0.0,-0.0,-0.0,-0.0,0.0,0.0,0.0,0.0,-0.0,0.0,0.0,0.0,-0.0,0.0,0.0,0.0,285.0405556910043,52.87445398748594,63.457968285461696,42.28377275352331,16.241007342298502,28.28878905891421,26.99235937991275,115.18258787413431,122.57708847540006,35.62790665769178,60.99592781237559,2.5277777777777715,60.99592781237572,35.62790665769139,122.57708847540002,1204.442043895748,4.410380850474282
0.0,0.0,0.0,0.0,0.0,-0.0,-0.0,-0.0,0.0,0.0,0.0,0.0,-0.0,0.0,0.0,0.0,-0.0,0.0,0.0,0.0,200.19341464165026,49.90329441394188,105.24147360511883,42.82992528594917,57.80625223459676,64.64237731120683,97.93046206595493,67.40832663699629,125.91066281773328,68.28861614884516,26.934811894843875,56.85,26.934811894843982,68.28861614884518,125.9106628177332,1039.0399305555554,4.401449260971221
0.0,0.0,0.0,0.0,0.0,-0.0,-0.0,-0.0,0.0,0.0,0.0,0.0,-0.0,0.0,0.0,0.0,-0.0,0.0,0.0,0.0,209.63347470206418,39.709643185148735,89.33409245188044,40.94459256719767,65.8556227698114,41.98610036019994,64.4966291007746,102.9721736654261,156.72076485161594,73.45435874306625,37.079584671900435,26.027777777777775,37.07958467190059,73.45435874306627,156.72076485161583,1028.7215934812132,4.4955582615802046
0.0,0.0,0.0,0.0,0.0,-0.0,-0.0,-0.0,0.0,0.0,0.0,0.0,-0.0,0.0,0.0,0.0,-0.0,0.0,0.0,0.0,251.43136370200963,39.94638701533432,138.40397009333896,56.907149033413255,36.12517969178195,40.978483514048214,24.111063909759658,61.630113040082215,95.69443241764655,64.27681064461242,38.39028526841601,41.16666666666667,38.39028526841599,64.27681064461227,95.6944324176466,1101.224965706447,4.776949805951909
0.0,0.0,0.0,0.0,0.0,-0.0,-0.0,-0.0,0.0,0.0,0.0,0.0,-0.0,0.0,0.0,0.0,-0.0,0.0,0.0,0.0,201.41811316782176,64.63200099834954,105.35912861116736,40.541042824687835,87.03703383933465,38.44815587710556,59.663017765951196,63.135198551761036,146.12340947234082,79.78855510699809,18.506209404954372,33.712698412698415,18.506209404954472,79.78855510699805,146.12340947234082,1124.4304,4.604372815993089
0.0,0.0,0.0,0.0,0.0,-0.0,-0.0,-0.0,0.0,0.0,0.0,0.0,-0.0,0.0,0.0,0.0,-0.0,0.0,0.0,0.0,203.64059269557092,37.52509488515482,77.11140788921765,12.377434660013956,37.794251144609845,22.849831020202206,33.356739284850036,83.86066385184972,124.47042958821127,51.64064613241447,27.536837407212747,38.11825396825397,27.53683740721286,51.640646132414425,124.47042958821127,892.1632653061226,4.47645601274721
0.0,0.0,0.0,0.0,0.0,-0.0,-0.0,-0.0,0.0,0.0,0.0,0.0,-0.0,0.0,0.0,0.0,-0.0,0.0,0.0,0.0,207.16855259391002,61.757247083973105,106.8963278011456,30.95405884748042,76.39717966257122,32.58238564579593,51.90336219241706,71.10179826702843,152.139245870762,81.16009721191253,21.292940609427387,35.33492063492062,21.292940609427465,81.16009721191247,152.139245870762,1144.85381091212,4.562393047327025
0.0,0.0,0.0,0.0,0.0,-0.0,-0.0,-0.0,0.0,0.0,0.0,0.0,-0.0,0.0,0.0,0.0,-0.0,0.0,0.0,0.0,224.5356513144056,43.05788169879147,115.36568718114918,32.83912573459198,43.3805357240573,36.68864030133161,70.94596290534928,117.31411945480708,127.28991604755713,29.71893018375992,51.75232460693213,39.86111111111111,51.75232460693222,29.718930183759845,127.28991604755703,1115.7534360683046,4.291024047174926
0.0,0.0,0.0,0.0,0.0,-0.0,-0.0,-0.0,0.0,0.0,0.0,0.0,-0.0,0.0,0.0,0.0,-0.0,0.0,0.0,0.0,203.77686584063758,16.839300198338382,67.88726561190909,17.425392108169426,26.494989878330497,49.535745916022826,53.857396242815,99.02845566232041,145.72831573597608,52.89038868966482,42.43109325880494,51.611111111111114,42.43109325880505,52.89038868966467,145.728315735976,884.0642722117203,4.070070564667717
0.0,0.0,0.0,0.0,0.0,-0.0,-0.0,-0.0,0.0,0.0,0.0,0.0,-0.0,0.0,0.0,0.0,-0.0,0.0,0.0,0.0,194.96865895447542,100.60805855162442,103.70102822044282,106.72702498810594,61.03389314997447,44.01575527033615,17.27958593245544,68.37854431858892,40.19263944178493,61.561442999847436,60.206387922851704,37.41904761904762,60.20638792285169,61.561442999847635,40.19263944178486,635.9822485207102,4.916691876223053
0.0,0.0,0.0,0.0,0.0,-0.0,-0.0,-0.0,0.0,0.0,0.0,0.0,-0.0,0.0,0.0,0.0,-0.0,0.0,0.0,0.0,234.9665341316743,17.44652630355157,90.71329853498047,7.362899196681826,56.91908768789979,40.441733793193684,50.29844781385058,58.729682596739856,130.9849623865194,88.04940146658744,52.3420218126121,81.09523809523809,52.3420218126121,88.04940146658738,130.9849623865194,1004.0496,4.7781719347109455
0.0,0.0,0.0,0.0,0.0,-0.0,-0.0,-0.0,0.0,0.0,0.0,0.0,-0.0,0.0,0.0,0.0,-0.0,0.0,0.0,0.0,277.6602445061198,74.44546586173034,123.2909407840982,56.817749845720385,60.18443130732978,24.597132348163946,36.45700317999654,9.347292801450406,57.317991332988605,50.20197436270715,7.886244642957205,13.19444444444444,7.886244642957073,50.201974362707006,57.31799133298868,1390.3792898234478,4.756118933961198
0.0,0.0,0.0,0.0,0.0,-0.0,-0.0,-0.0,0.0,0.0,0.0,0.0,-0.0,0.0,0.0,0.0,-0.0,0.0,0.0,0.0,324.78044133072814,31.62637386074696,104.75599401407172,66.42367762311554,62.28249489502331,11.429252459867513,49.0867470302338,113.78523019755711,126.20027120738574,27.947305943987427,49.851928546052214,16.31428571428572,49.85192854605243,27.94730594398738,126.20027120738564,1395.9541666666667,4.9739877821761835
0.0,0.0,0.0,0.0,0.0,-0.0,-0.0,-0.0,0.0,0.0,0.0,0.0,-0.0,0.0,0.0,0.0,-0.0,0.0,0.0,0.0,115.74336525923228,22.608049976746823,48.50921352494512,32.4946695533701,93.73694553373315,82.79783966436817,15.119018237034823,52.715657886625664,54.178429202456435,52.85495376951243,80.98970533343982,6.527777777777779,80.98970533343973,52.85495376951272,54.17842920245649,743.7679952409278,3.85356692160191
0.0,0.0,0.0,0.0,0.0,-0.0,-0.0,-0.0,0.0,0.0,0.0,0.0,-0.0,0.0,0.0,0.0,-0.0,0.0,0.0,0.0,209.08269543256625,17.99841405455574,76.33082688292458,14.934114562898603,36.86443631216401,43.28266268252081,38.13855016251154,105.78686643960614,138.95780486908865,36.47147107852775,46.69287023598006,19.66666666666667,46.69287023598015,36.47147107852753,138.9578048690886,802.6408317580341,4.735199723182693
0.0,0.0,0.0,0.0,0.0,-0.0,-0.0,-0.0,0.0,0.0,0.0,0.0,-0.0,0.0,0.0,0.0,-0.0,0.0,0.0,0.0,218.19918672406672,39.4187645645432,87.14358782478777,81.86523045866238,21.400534151507518,44.63058561497473,55.818410843145365,82.8268734050119,68.81436116711099,27.707851940596722,28.813330890207055,23.45238095238095,28.813330890207123,27.707851940596697,68.81436116711096,885.361053719008,4.299896386984075
0.0,0.0,0.0,0.0,0.0,-0.0,-0.0,-0.0,0.0,0.0,0.0,0.0,-0.0,0.0,0.0,0.0,-0.0,0.0,0.0,0.0,260.6768367884203,30.566843528495216,107.91838642352376,45.74807010538632,48.380899047588265,34.0873383040252,44.85136770305108,26.24296212748265,28.490865602213937,12.1642297276794,21.489755053307928,2.985714285714284,21.489755053308034,12.164229727679201,28.490865602213916,1231.3454734651405,5.0065368289190175
0.0,0.0,0.0,0.0,0.0,-0.0,-0.0,-0.0,0.0,0.0,0.0,0.0,-0.0,0.0,0.0,0.0,-0.0,0.0,0.0,0.0,225.6316564892205,23.658113626280993,75.92049210657304,18.739080787969122,40.65951930944125,31.949882845753734,48.363660346197584,83.63095725394918,132.27503560225094,74.91648231385005,15.432006206392801,27.326984126984126,15.432006206392789,74.91648231384994,132.27503560225097,995.7877604166666,4.458842750311088
0.0,0.0,0.0,0.0,0.0,-0.0,-0.0,-0.0,0.0,0.0,0.0,0.0,-0.0,0.0,0.0,0.0,-0.0,0.0,0.0,0.0,252.69682006508006,9.978904216527956,108.20027758145055,63.18221762059939,15.936832163420096,59.42617995629127,106.9241452302624,86.43620015671013,32.72773476204992,16.02339883244306,30.848355857084435,29.6888888888889,30.848355857084467,16.02339883244295,32.72773476204975,1164.278463648834,4.651859297085394
0.0,0.0,0.0,0.0,0.0,-0.0,-0.0,-0.0,0.0,0.0,0.0,0.0,-0.0,0.0,0.0,0.0,-0.0,0.0,0.0,0.0,204.10146458837778,64.75016816937745,157.76875992304383,74.7414600874847,29.277214147047335,24.395979836840738,10.492207885586328,74.8064177843274,101.16359151008957,37.6659730963318,76.18301008260417,86.90476190476191,76.18301008260424,37.6659730963314,101.1635915100897,1303.1541373715522,4.722435389613688
0.0,0.0,0.0,0.0,0.0,-0.0,-0.0,-0.0,0.0,0.0,0.0,0.0,-0.0,0.0,0.0,0.0,-0.0,0.0,0.0,0.0,289.34512249604916,22.77685898618896,103.0091036022016,32.12062335080771,34.41278337995117,46.41480846071036,21.282857286491712,82.14743520713884,124.93417874831293,66.41950203275235,76.22499132438504,93.63333333333333,76.2249913243847,66.41950203275249,124.9341787483129,1204.6147438567264,4.816354421276092
0.0,0.0,0.0,0.0,0.0,-0.0,-0.0,-0.0,0.0,0.0,0.0,0.0,-0.0,0.0,0.0,0.0,-0.0,0.0,0.0,0.0,244.45023632616795,16.212943799583034,97.703804068671,27.973794505078146,38.67508728323467,29.072241331713226,60.63643984674243,92.62022134088502,132.28163582555084,57.94564308139992,39.26581327447861,68.13888888888889,39.265813274478724,57.94564308139986,132.28163582555072,1111.1100035599854,4.760293798428898
0.0,0.0,0.0,0.0,0.0,-0.0,-0.0,-0.0,0.0,0.0,0.0,0.0,-0.0,0.0,0.0,0.0,-0.0,0.0,0.0,0.0,225.40789232864262,27.629657038693978,94.42264303626919,16.445359396468408,29.908426490214463,29.855645494633574,66.30230081796385,130.0057008484104,130.3511294587858,19.088654831657774,57.57763021269534,9.388888888888893,57.57763021269544,19.088654831657667,130.35112945878575,982.2109551833407,4.5764150502304375
0.0,0.0,0.0,0.0,0.0,-0.0,-0.0,-0.0,0.0,0.0,0.0,0.0,-0.0,0.0,0.0,0.0,-0.0,0.0,0.0,0.0,282.8850958144098,22.193275527821495,107.86835366175974,52.15540021517363,11.489256877961498,17.890056897686733,29.978724718966255,64.5167121138026,88.09617713868016,44.72269637140548,24.27261174169129,8.17777777777778,24.272611741691374,44.72269637140524,88.09617713868022,1241.6494490358127,4.88774719816168
0.0,0.0,0.0,0.0,0.0,-0.0,-0.0,-0.0,0.0,0.0,0.0,0.0,-0.0,0.0,0.0,0.0,-0.0,0.0,0.0,0.0,165.70771655784282,57.1902687276973,109.69930198936096,9.727381170923932,84.73728312737315,30.34372074892756,51.74372001932562,29.11017863222427,44.82591424044192,71.41683466777899,44.600992315129105,18.783333333333328,44.60099231512903,71.41683466777909,44.8259142404421,1041.7828210284401,4.73774685779358
0.0,0.0,0.0,0.0,0.0,-0.0,-0.0,-0.0,0.0,0.0,0.0,0.0,-0.0,0.0,0.0,0.0,-0.0,0.0,0.0,0.0,255.7953320689455,26.094272084549228,109.69314352908276,15.393656113025163,16.028529617228354,71.18829125489214,86.85689545774696,82.75005079774537,149.26757624949047,82.73580295955101,46.16552522710101,63.06190476190474,46.16552522710103,82.73580295955091,149.26757624949047,1206.8712711636658,4.852467864401657
0.0,0.0,0.0,0.0,0.0,-0.0,-0.0,-0.0,0.0,0.0,0.0,0.0,-0.0,0.0,0.0,0.0,-0.0,0.0,0.0,0.0,313.2216793343409,77.31755519125151,48.17420488206127,20.39318377410556,44.08599836961308,31.523580239419275,34.56218928619944,96.49168789762822,101.36866919858583,62.72135108135042,157.49322198123394,198.33333333333334,157.49322198123403,62.72135108135035,101.36866919858578,1455.56,4.684183715451104
0.0,0.0,0.0,0.0,0.0,-0.0,-0.0,-0.0,0.0,0.0,0.0,0.0,-0.0,0.0,0.0,0.0,-0.0,0.0,0.0,0.0,217.43676566419992,22.055456905002988,96.67524444049957,23.394752498037732,44.74188542260295,20.581896036187963,29.424130465963856,20.354551770495515,22.644238932101686,38.3795828047559,23.393860908366012,1.9666666666666632,23.39386090836591,38.37958280475586,22.644238932101878,1112.7367235879153,4.767596609506478
0.0,0.0,0.0,0.0,0.0,-0.0,-0.0,-0.0,0.0,0.0,0.0,0.0,-0.0,0.0,0.0,0.0,-0.0,0.0,0.0,0.0,231.2996925914504,28.476468860397325,98.9203681806868,16.532115210502592,36.99673219180939,31.019501034743364,53.823611525634384,129.48218345908938,135.00548006613033,16.256063795756564,72.11507448291782,27.700000000000003,72.11507448291795,16.2560637957566,135.00548006613025,998.2083333333334,4.444773830845662
0.0,0.0,0.0,0.0,0.0,-0.0,-0.0,-0.0,0.0,0.0,0.0,0.0,-0.0,0.0,0.0,0.0,-0.0,0.0,0.0,0.0,253.64174288184293,30.809120186335168,93.26412981220592,42.42209562870342,65.27312906844669,36.593883992806724,66.62533538200621,62.73466858105873,125.72496777677381,52.567105517421886,52.90318615711529,49.95555555555556,52.90318615711538,52.5671055174217,125.72496777677381,1281.691207075963,4.896720130416216
0.0,0.0,0.0,0.0,0.0,-0.0,-0.0,-0.0,0.0,0.0,0.0,0.0,-0.0,0.0,0.0,0.0,-0.0,0.0,0.0,0.0,225.01041424182907,10.014030275843789,65.86408349747913,4.0551750201989005,35.43869181043997,66.15690524133589,56.961504155575064,100.84655560691074,141.98260947709772,58.84038935847314,70.29991058029414,86.33333333333333,70.29991058029421,58.84038935847284,141.98260947709767,834.476370510397,4.490740756126959
0.0,0.0,0.0,0.0,0.0,-0.0,-0.0,-0.0,0.0,0.0,0.0,0.0,-0.0,0.0,0.0,0.0,-0.0,0.0,0.0,0.0,220.9634450293331,22.225983302789736,81.2995130380457,10.1352352625463,27.491615962663186,59.524355685325105,48.641293199542126,95.42381503224765,143.34425662778295,58.41825395044924,39.16614976505716,53.47222222222222,39.16614976505689,58.41825395044908,143.34425662778287,810.2273156899812,4.702378527436455
0.0,0.0,0.0,0.0,0.0,-0.0,-0.0,-0.0,0.0,0.0,0.0,0.0,-0.0,0.0,0.0,0.0,-0.0,0.0,0.0,0.0,232.2440742346699,30.79697249702966,108.92962065171905,18.052839495696844,61.16819156568753,40.308687217275484,44.19983769488701,52.71577214558273,107.76639329452468,61.82728464431061,26.982292972375415,37.76587301587301,26.982292972375436,61.82728464431048,107.7663932945247,1024.3132028321531,4.859208818625273
0.0,0.0,0.0,0.0,0.0,-0.0,-0.0,-0.0,0.0,0.0,0.0,0.0,-0.0,0.0,0.0,0.0,-0.0,0.0,0.0,0.0,224.38256412720392,26.461808069019266,78.56771856182407,27.59720189450647,60.49325699780431,29.948485259481323,23.209614186523098,90.24038149230657,145.18408528535846,66.02417353127835,17.99697560871011,4.408730158730158,17.996975608710148,66.02417353127818,145.18408528535838,986.4517881394297,4.780875485856752
0.0,0.0,0.0,0.0,0.0,-0.0,-0.0,-0.0,0.0,0.0,0.0,0.0,-0.0,0.0,0.0,0.0,-0.0,0.0,0.0,0.0,182.7863765986637,22.94707296330171,45.40699367476608,22.133615711050215,17.72809581977387,59.060430445810546,26.958441170529866,37.25169272813115,34.299764056166076,11.851191134472352,20.548366747001104,39.96666666666666,20.548366747000937,11.851191134472494,34.299764056166026,924.4064,4.62927506594982
0.0,0.0,0.0,0.0,0.0,-0.0,-0.0,-0.0,0.0,0.0,0.0,0.0,-0.0,0.0,0.0,0.0,-0.0,0.0,0.0,0.0,221.31582286476294,28.41141076827109,88.90515101514042,15.43635644843452,57.713831196186284,35.1878699695749,42.33871769222624,67.2769930869075,113.28370972879961,45.844711110949596,42.38128586224372,37.920634920634924,42.381285862243786,45.84471111094939,113.28370972879966,778.5416666666666,4.954448693308904
0.0,0.0,0.0,0.0,0.0,-0.0,-0.0,-0.0,0.0,0.0,0.0,0.0,-0.0,0.0,0.0,0.0,-0.0,0.0,0.0,0.0,299.28133787612205,127.15913422587448,101.16558248253058,79.4429687120124,21.845985201172038,74.8549189358245,20.14128454494055,76.82031523844014,26.9336103301209,63.23936559378017,42.729512932366724,14.133333333333333,42.72951293236638,63.23936559378045,26.933610330120892,1538.0150497178176,4.485150292497343
0.0,0.0,0.0,0.0,0.0,-0.0,-0.0,-0.0,0.0,0.0,0.0,0.0,-0.0,0.0,0.0,0.0,-0.0,0.0,0.0,0.0,225.0604017710108,20.811197578870875,40.15145347373871,65.83105154058214,97.66780368599576,20.495192179980382,93.41294443126903,45.90829763107338,45.375445269212584,43.38234063959069,42.232991942549695,80.1857142857143,42.23299194254976,43.38234063959063,45.375445269212754,1327.4475,4.787581998813624
0.0,0.0,0.0,0.0,0.0,-0.0,-0.0,-0.0,0.0,0.0,0.0,0.0,-0.0,0.0,0.0,0.0,-0.0,0.0,0.0,0.0,221.2837913575052,15.356317281925671,77.48836674944937,17.88292775074227,43.101608857197675,38.673117677065925,44.83362122565353,102.99395448517251,149.09507197636907,61.6364270283473,24.82853887033003,13.572222222222223,24.828538870330178,61.6364270283472,149.09507197636904,758.1376000000001,4.473269685475563
0.0,0.0,0.0,0.0,0.0,-0.0,-0.0,-0.0,0.0,0.0,0.0,0.0,-0.0,0.0,0.0,0.0,-0.0,0.0,0.0,0.0,199.5510523796112,14.60937654333332,71.97221168633733,19.44931521436908,52.00644710813188,16.928805633933035,15.083425123141273,67.18257671175328,113.43265644847578,53.71824752133258,15.934410910656604,21.915079365079364,15.934410910656725,53.718247521332465,113.43265644847583,754.2599826388888,4.626629162915468
0.0,0.0,0.0,0.0,0.0,-0.0,-0.0,-0.0,0.0,0.0,0.0,0.0,-0.0,0.0,0.0,0.0,-0.0,0.0,0.0,0.0,220.2876578318885,53.598774807983176,115.49623801612191,23.41707459773841,82.43733107915311,48.43519088482444,69.81486409802199,52.61553542349654,123.47783873409989,81.66058544748688,1.3378589832857142,25.177777777777777,1.3378589832855936,81.66058544748695,123.47783873409989,1059.6539792387541,4.755662837023911
0.0,0.0,0.0,0.0,0.0,-0.0,-0.0,-0.0,0.0,0.0,0.0,0.0,-0.0,0.0,0.0,0.0,-0.0,0.0,0.0,0.0,261.58104669420595,58.237286778379755,61.90756922129965,42.044303042949224,56.898306379135605,50.0282369247199,34.73817966753601,53.06514046578097,52.32105963446498,62.07225842054918,1.559258928140836,30.885714285714286,1.5592589281406946,62.07225842054929,52.32105963446503,1149.9099999999996,4.848824866014479
0.0,0.0,0.0,0.0,0.0,-0.0,-0.0,-0.0,0.0,0.0,0.0,0.0,-0.0,0.0,0.0,0.0,-0.0,0.0,0.0,0.0,336.4326930837756,39.59833731997429,118.77239786156248,59.18686568356579,56.168457107765164,55.20198076659535,39.97273791354116,52.32034406211218,79.54311465832889,64.92904364975146,101.95247344176228,137.29166666666663,101.95247344176231,64.92904364975122,79.54311465832912,1361.1375,4.821928090270738
0.0,0.0,0.0,0.0,0.0,-0.0,-0.0,-0.0,0.0,0.0,0.0,0.0,-0.0,0.0,0.0,0.0,-0.0,0.0,0.0,0.0,300.9968005301495,30.5491345473006,110.93176952446153,55.146258673449495,34.874756697785685,28.28576508021019,11.615285831983117,71.98662362884832,95.8949485225738,33.24709597478575,37.48746236911216,29.477777777777774,37.48746236911232,33.24709597478537,95.89494852257388,1378.3368233459566,4.990598789772064
0.0,0.0,0.0,0.0,0.0,-0.0,-0.0,-0.0,0.0,0.0,0.0,0.0,-0.0,0.0,0.0,0.0,-0.0,0.0,0.0,0.0,203.10207354580118,27.512751729079092,84.61899771016053,19.582144429262055,56.035068030183076,21.216369205107085,19.585504999461165,74.77446731645117,117.08863466783282,45.34287007841058,24.2384675380609,3.436507936507944,24.238467538061034,45.3428700784105,117.08863466783284,770.6645540968764,4.652325614086843
0.0,0.0,0.0,0.0,0.0,-0.0,-0.0,-0.0,0.0,0.0,0.0,0.0,-0.0,0.0,0.0,0.0,-0.0,0.0,0.0,0.0,238.08733678730957,51.68706629624525,119.17773314723459,10.226184655466964,80.03484899170753,21.857298993114068,46.76858800351677,120.74729059461754,143.4203645248308,43.20286285760989,40.8996294632,11.076190476190469,40.899629463200135,43.20286285760981,143.42036452483083,1137.96,4.883856184581022
0.0,0.0,0.0,0.0,0.0,-0.0,-0.0,-0.0,0.0,0.0,0.0,0.0,-0.0,0.0,0.0,0.0,-0.0,0.0,0.0,0.0,212.13368105086963,28.310158884639588,97.2919718078616,23.815507832676797,70.333058497589,48.14275894384457,45.62886435248533,53.85646930819129,115.85099306164123,85.03693912822435,23.98527088462656,8.700793650793642,23.98527088462644,85.03693912822436,115.85099306164123,903.3102873802583,4.634320043226998
0.0,0.0,0.0,0.0,0.0,-0.0,-0.0,-0.0,0.0,0.0,0.0,0.0,-0.0,0.0,0.0,0.0,-0.0,0.0,0.0,0.0,179.3982971018569,49.47180105827062,92.77748059770539,11.3093642915511,54.820298450005254,30.93635504178868,47.73948518475544,21.131566661463925,93.29876660554132,82.72082449040194,38.75255614940909,31.186111111111106,38.752556149409024,82.72082449040194,93.29876660554136,1049.3652593992856,4.575561589108854
0.0,0.0,0.0,0.0,0.0,-0.0,-0.0,-0.0,0.0,0.0,0.0,0.0,-0.0,0.0,0.0,0.0,-0.0,0.0,0.0,0.0,232.1250491771651,24.80521486230082,86.13236861452688,67.75967904984698,38.98844610968284,36.7418089469115,64.11114001474756,31.232916812116393,81.41115935161926,98.14218782809195,54.69504475459726,3.5055555555555564,54.69504475459712,98.14218782809189,81.41115935161942,1085.6240234375,4.643550871019319
0.0,0.0,0.0,0.0,0.0,-0.0,-0.0,-0.0,0.0,0.0,0.0,0.0,-0.0,0.0,0.0,0.0,-0.0,0.0,0.0,0.0,285.5598002304483,58.839346864635004,91.40767485041333,74.36343122548973,19.84329081419607,49.03503872411769,20.054518396918876,93.07810160755412,92.05318532541149,58.776342594208565,48.7300896465552,9.1047619047619,48.73008964655504,58.77634259420863,92.05318532541148,1479.5259504132232,5.113089025607822
0.0,0.0,0.0,0.0,0.0,-0.0,-0.0,-0.0,0.0,0.0,0.0,0.0,-0.0,0.0,0.0,0.0,-0.0,0.0,0.0,0.0,288.8243930068722,68.52456607321366,54.40715664405314,3.321217564555395,23.63365263634921,27.316947578380532,22.184992715165677,60.82112149117624,99.96523729287395,53.690339861820505,50.23466221371901,39.40833333333333,50.23466221371908,53.690339861820156,99.96523729287404,1077.394890735611,4.789312053613775
0.0,0.0,0.0,0.0,0.0,-0.0,-0.0,-0.0,0.0,0.0,0.0,0.0,-0.0,0.0,0.0,0.0,-0.0,0.0,0.0,0.0,292.6389870016397,58.277157749306696,109.2108881832186,90.9713074299267,26.690037573579133,61.68717203663604,14.274938424617245,69.79011829940444,67.7523262962912,44.42675498088747,48.49480182189023,16.37857142857144,48.49480182189016,44.42675498088745,67.75232629629122,1522.917091836735,4.7217479971618825
0.0,0.0,0.0,0.0,0.0,-0.0,-0.0,-0.0,0.0,0.0,0.0,0.0,-0.0,0.0,0.0,0.0,-0.0,0.0,0.0,0.0,220.3625663016436,34.26830140036854,86.98952377430392,37.573897969760424,66.12887983833964,43.14954222036607,66.9964898900961,94.09426731727747,150.56796127794394,77.04864665412529,26.47727847284128,12.705555555555556,26.4772784728414,77.04864665412533,150.56796127794382,945.4995659722221,4.6258145790772875
0.0,0.0,0.0,0.0,0.0,-0.0,-0.0,-0.0,0.0,0.0,0.0,0.0,-0.0,0.0,0.0,0.0,-0.0,0.0,0.0,0.0,258.8152123047087,49.18635802027637,139.53812711455907,59.60615983372404,34.60966418470138,59.18662287342049,52.69014766871216,77.9096451579774,108.64545479123055,59.51944924999038,33.10165495667694,47.638888888888886,33.10165495667697,59.51944924999023,108.6454547912305,976.3986776859504,5.106461244503629
0.0,0.0,0.0,0.0,0.0,-0.0,-0.0,-0.0,0.0,0.0,0.0,0.0,-0.0,0.0,0.0,0.0,-0.0,0.0,0.0,0.0,206.63841899114666,40.4321254335111,86.08980011177114,36.638040808230485,67.67655746518393,38.720242062474995,40.912605318091785,74.46394676351002,136.46824261486378,55.07108306860172,27.883938731339107,5.2873015873015845,27.883938731339228,55.071083068601666,136.46824261486375,826.2907122032489,4.7746841361149235
0.0,0.0,0.0,0.0,0.0,-0.0,-0.0,-0.0,0.0,0.0,0.0,0.0,-0.0,0.0,0.0,0.0,-0.0,0.0,0.0,0.0,218.12559302709224,25.53172306814834,79.96345828524758,19.12247796487847,37.11428464948905,23.424439133145473,24.979564867826852,76.68129163145697,123.9992279565599,56.37923015042019,24.02370060385714,34.93015873015873,24.023700603857236,56.379230150420135,123.9992279565599,801.43273635985,4.831760288811452
0.0,0.0,0.0,0.0,0.0,-0.0,-0.0,-0.0,0.0,0.0,0.0,0.0,-0.0,0.0,0.0,0.0,-0.0,0.0,0.0,0.0,212.542058958258,49.8974553826469,105.64421606715696,26.13307291536915,90.5058047745862,36.350244535323,54.6688838044109,31.015117281738416,110.18346896779988,80.72385749305457,14.227206234763026,12.750000000000007,14.227206234762887,80.72385749305462,110.18346896779997,1113.3826984692062,4.657560903515503
0.0,0.0,0.0,0.0,0.0,-0.0,-0.0,-0.0,0.0,0.0,0.0,0.0,-0.0,0.0,0.0,0.0,-0.0,0.0,0.0,0.0,210.47773406453203,22.502972168270798,77.08934778932871,12.181065807125794,27.099481387510398,54.6719139870951,44.5720297719151,94.12675965269389,142.69016655066142,39.036127731697356,55.98293660026925,48.09444444444444,55.98293660026933,39.03612773169715,142.69016655066127,839.169760072431,4.543742570950284
0.0,0.0,0.0,0.0,0.0,-0.0,-0.0,-0.0,0.0,0.0,0.0,0.0,-0.0,0.0,0.0,0.0,-0.0,0.0,0.0,0.0,207.62710240234728,13.488659089286456,81.63935651389428,14.380581042194018,13.957007280601715,49.448076021441004,47.57161169575862,93.32560087016715,134.25446783874264,52.21571143264699,33.500597852014536,36.03333333333334,33.50059785201462,52.215711432646756,134.25446783874256,847.1344499773655,4.448755476195161
